time,tweet_id,source,text,expanded_urls,rating_numerator,rating_denominator,name,dogtype,retweet_count,favorite_count,jpg_url,img_num,p1,p1_conf,p1_dog,p2,p2_conf,p2_dog,p3,p3_conf,p3_dog
2017-07-13 01:35:06+00:00,885311592912609280,Twitter for iPhone,RT @dog_rates: This is Lilly. She just parallel barked. Kindly requests a reward now. 13/10 would pet so well https://t.co/SATN4If5H5,"https://twitter.com/dog_rates/status/830583320585068544/photo/1,https://twitter.com/dog_rates/status/830583320585068544/photo/1,https://twitter.com/dog_rates/status/830583320585068544/photo/1,https://twitter.com/dog_rates/status/830583320585068544/photo/1",13,10,Lilly,,19188,0,https://pbs.twimg.com/media/C4bTH6nWMAAX_bJ.jpg,1,Labrador_retriever,0.908703,True,seat_belt,0.0570909,False,pug,0.0119335,True
2017-06-21 19:36:23+00:00,877611172832227328,Twitter for iPhone,RT @rachel2195: @dog_rates the boyfriend and his soaking wet pupper h*cking love his new hat 14/10 https://t.co/dJx4Gzc50G,"https://twitter.com/rachel2195/status/876850772322988033/photo/1,https://twitter.com/rachel2195/status/876850772322988033/photo/1,https://twitter.com/rachel2195/status/876850772322988033/photo/1,https://twitter.com/rachel2195/status/876850772322988033/photo/1",14,10,,pupper,82,0,https://pbs.twimg.com/media/DCszHgmW0AAmIpT.jpg,1,Irish_setter,0.364729,True,golden_retriever,0.202907,True,Irish_terrier,0.107473,True
2017-06-11 00:25:14+00:00,873697596434513921,Twitter for iPhone,RT @dog_rates: This is Walter. He won't start hydrotherapy without his favorite floatie. 14/10 keep it pup Walter https://t.co/r28jFx9uyF,"https://twitter.com/dog_rates/status/868880397819494401/photo/1,https://twitter.com/dog_rates/status/868880397819494401/photo/1",14,10,Walter,,12435,0,https://pbs.twimg.com/media/DA7iHL5U0AA1OQo.jpg,1,laptop,0.153718,False,French_bulldog,0.0999839,True,printer,0.0771299,False
2017-05-23 17:40:04+00:00,867072653475098625,Twitter for iPhone,RT @rachaeleasler: these @dog_rates hats are 13/10 bean approved https://t.co/nRCdq4g9gG,"https://twitter.com/rachaeleasler/status/865013420445368320/photo/1,https://twitter.com/rachaeleasler/status/865013420445368320/photo/1,https://twitter.com/rachaeleasler/status/865013420445368320/photo/1,https://twitter.com/rachaeleasler/status/865013420445368320/photo/1",13,10,,,134,0,https://pbs.twimg.com/media/DAElHfmUMAEH9lB.jpg,1,Blenheim_spaniel,0.352946,True,papillon,0.211766,True,Pekinese,0.112952,True
2017-05-06 18:27:40+00:00,860924035999428608,Twitter for iPhone,RT @tallylott: h*ckin adorable promposal. 13/10 @dog_rates https://t.co/6n8hzNihJ9,"https://twitter.com/tallylott/status/860914485250469888/photo/1,https://twitter.com/tallylott/status/860914485250469888/photo/1,https://twitter.com/tallylott/status/860914485250469888/photo/1,https://twitter.com/tallylott/status/860914485250469888/photo/1",13,10,,,879,0,https://pbs.twimg.com/media/C_KVJjDXsAEUCWn.jpg,2,envelope,0.933016,False,oscilloscope,0.0125914,False,paper_towel,0.0111785,False
2017-04-12 00:23:33+00:00,851953902622658560,Twitter for iPhone,RT @dog_rates: This is Astrid. She's a guide doggo in training. 13/10 would follow anywhere https://t.co/xo7FZFIAao,"https://twitter.com/dog_rates/status/829374341691346946/photo/1,https://twitter.com/dog_rates/status/829374341691346946/photo/1,https://twitter.com/dog_rates/status/829374341691346946/photo/1,https://twitter.com/dog_rates/status/829374341691346946/photo/1",13,10,Astrid,doggo,10647,0,https://pbs.twimg.com/media/C4KHj-nWQAA3poV.jpg,1,Staffordshire_bullterrier,0.757547,True,American_Staffordshire_terrier,0.14995,True,Chesapeake_Bay_retriever,0.0475227,True
2017-04-11 18:15:55+00:00,851861385021730816,Twitter for iPhone,RT @eddie_coe98: Thanks @dog_rates completed my laptop. 10/10 would buy again https://t.co/bO0rThDlXI,"https://twitter.com/eddie_coe98/status/848289382176100353/photo/1,https://twitter.com/eddie_coe98/status/848289382176100353/photo/1",10,10,,,23,0,https://pbs.twimg.com/media/C8W6sY_W0AEmttW.jpg,1,pencil_box,0.662183,False,purse,0.0665055,False,pillow,0.0447253,False
2017-04-01 00:39:12+00:00,847971574464610304,Twitter for iPhone,RT @basic_vacek_: I love my new mug easy 13/10 @dog_rates https://t.co/0bYtoL7Wwt,"https://twitter.com/basic_vacek_/status/847971000004354048/photo/1,https://twitter.com/basic_vacek_/status/847971000004354048/photo/1",13,10,,,479,0,https://pbs.twimg.com/media/C8SZH1EWAAAIRRF.jpg,1,coffee_mug,0.633652,False,cup,0.273392,False,toilet_tissue,0.0666558,False
2017-03-18 00:15:37+00:00,842892208864923648,Twitter for iPhone,RT @dog_rates: This is Stephan. He just wants to help. 13/10 such a good boy https://t.co/DkBYaCAg2d,"https://twitter.com/dog_rates/status/807106840509214720/video/1,https://twitter.com/dog_rates/status/807106840509214720/video/1",13,10,Stephan,,56373,0,https://pbs.twimg.com/ext_tw_video_thumb/807106774843039744/pu/img/8XZg1xW35Xp2J6JW.jpg,1,Chihuahua,0.50537,True,Pomeranian,0.120358,True,toy_terrier,0.0770081,True
2017-03-15 02:10:39+00:00,841833993020538882,Twitter for iPhone,RT @dog_rates: This is Ken. His cheeks are magic. 13/10 (IG: ken_shiba) https://t.co/btzf1zTDeQ,"https://twitter.com/dog_rates/status/817423860136083457/video/1,https://twitter.com/dog_rates/status/817423860136083457/video/1",13,10,Ken,,17399,0,https://pbs.twimg.com/ext_tw_video_thumb/817423809049493505/pu/img/5OFW0yueFu9oTUiQ.jpg,1,ice_bear,0.3362,False,Samoyed,0.201358,True,Eskimo_dog,0.186789,True
2017-03-08 01:44:07+00:00,839290600511926273,Twitter for iPhone,RT @alexmartindawg: THE DRINK IS DR. PUPPER 10/10 good pun @matt___nelson @GoodDogsGame https://t.co/act3duiqbL,"https://twitter.com/alexmartindawg/status/839289919298224128/photo/1,https://twitter.com/alexmartindawg/status/839289919298224128/photo/1,https://twitter.com/alexmartindawg/status/839289919298224128/photo/1,https://twitter.com/alexmartindawg/status/839289919298224128/photo/1",10,10,,pupper,159,0,https://pbs.twimg.com/media/C6XBt9XXEAEEW9U.jpg,1,web_site,0.670892,False,monitor,0.101565,False,screen,0.0753061,False
2017-03-07 00:57:32+00:00,838916489579200512,Twitter for iPhone,RT @KibaDva: I collected all the good dogs!! 15/10 @dog_rates #GoodDogs https://t.co/6UCGFczlOI,"https://twitter.com/KibaDva/status/838905980628819968/photo/1,https://twitter.com/KibaDva/status/838905980628819968/photo/1,https://twitter.com/KibaDva/status/838905980628819968/photo/1,https://twitter.com/KibaDva/status/838905980628819968/photo/1",15,10,,,37,0,https://pbs.twimg.com/media/C6RkiQZUsAAM4R4.jpg,2,web_site,0.993651,False,monitor,0.0014059,False,envelope,0.00109309,False
2017-03-01 18:52:06+00:00,837012587749474308,Twitter for iPhone,RT @KennyFromDaBlok: 14/10 h*ckin good hats. will wear daily @dog_rates https://t.co/rHLoU5gS30,"https://twitter.com/KennyFromDaBlok/status/837011344666812416/photo/1,https://twitter.com/KennyFromDaBlok/status/837011344666812416/photo/1",14,10,,,86,0,https://pbs.twimg.com/media/C52pYJXWgAA2BEf.jpg,1,toilet_tissue,0.186387,False,cowboy_hat,0.158555,False,sombrero,0.14947,False
2017-02-18 01:50:19+00:00,832769181346996225,Twitter for iPhone,RT @EmilieGambril: 12/10 h*cking excited about my new shirt! @dog_rates https://t.co/zFEfMTaHqU,"https://twitter.com/EmilieGambril/status/832766382198566913/photo/1,https://twitter.com/EmilieGambril/status/832766382198566913/photo/1,https://twitter.com/EmilieGambril/status/832766382198566913/photo/1,https://twitter.com/EmilieGambril/status/832766382198566913/photo/1",12,10,,,44,0,https://pbs.twimg.com/media/C46UmzSVMAAqBug.jpg,1,jersey,0.895698,False,sweatshirt,0.0890854,False,poncho,0.00297522,False
2017-02-16 13:11:05+00:00,832215726631055365,Twitter for iPhone,RT @dog_rates: This is Moreton. He's the Good Boy Who Lived. 13/10 magical as h*ck https://t.co/rLHGx3VAF3,"https://twitter.com/dog_rates/status/793286476301799424/photo/1,https://twitter.com/dog_rates/status/793286476301799424/photo/1,https://twitter.com/dog_rates/status/793286476301799424/photo/1,https://twitter.com/dog_rates/status/793286476301799424/photo/1",13,10,Moreton,,10673,0,https://pbs.twimg.com/media/CwJR1okWIAA6XMp.jpg,1,Afghan_hound,0.274637,True,borzoi,0.142204,True,doormat,0.109677,False
2017-02-16 01:34:34+00:00,832040443403784192,Twitter for iPhone,RT @dog_rates: This is Klein. These pics were taken a month apart. He knows he's a stud now. 12/10 total heartthrob https://t.co/guDkLrX8zV,"https://twitter.com/dog_rates/status/769940425801170949/photo/1,https://twitter.com/dog_rates/status/769940425801170949/photo/1,https://twitter.com/dog_rates/status/769940425801170949/photo/1,https://twitter.com/dog_rates/status/769940425801170949/photo/1",12,10,Klein,,11050,0,https://pbs.twimg.com/media/Cq9guJ5WgAADfpF.jpg,1,miniature_pinscher,0.796313,True,Chihuahua,0.15541300000000002,True,Staffordshire_bullterrier,0.0309433,True
2017-02-10 02:25:42+00:00,829878982036299777,Twitter for iPhone,RT @dog_rates: This is Loki. He smiles like Elvis. Ain't nothin but a hound doggo. 12/10 https://t.co/QV5nx6otZR,"https://twitter.com/dog_rates/status/826958653328592898/photo/1,https://twitter.com/dog_rates/status/826958653328592898/photo/1",12,10,Loki,doggo,5734,0,https://pbs.twimg.com/media/C3nygbBWQAAjwcW.jpg,1,golden_retriever,0.6173890000000001,True,Labrador_retriever,0.33705300000000005,True,tennis_ball,0.00855442,False
2017-01-27 01:49:15+00:00,824796380199809024,Twitter for iPhone,RT @dog_rates: This is Bailey. She loves going down slides but is very bad at it. Still 11/10 https://t.co/ivPWhspN3E,"https://twitter.com/dog_rates/status/795076730285391872/photo/1,https://twitter.com/dog_rates/status/795076730285391872/photo/1,https://twitter.com/dog_rates/status/795076730285391872/photo/1,https://twitter.com/dog_rates/status/795076730285391872/photo/1,https://twitter.com/dog_rates/status/795076730285391872/photo/1,https://twitter.com/dog_rates/status/795076730285391872/photo/1",11,10,Bailey,,6262,0,https://pbs.twimg.com/media/CwiuEJmW8AAZnit.jpg,2,gas_pump,0.676439,False,harvester,0.049995300000000006,False,swing,0.0446596,False
2017-01-22 20:42:21+00:00,823269594223824897,Twitter for iPhone,RT @dog_rates: We only rate dogs. Please don't send pics of men capturing low level clouds. Thank you... 11/10 https://t.co/rLi83ZyCL5,"https://twitter.com/dog_rates/status/822244816520155136/photo/1,https://twitter.com/dog_rates/status/822244816520155136/photo/1",11,10,,,11350,0,https://pbs.twimg.com/media/C2kzTGxWEAEOpPL.jpg,1,Samoyed,0.585441,True,Pomeranian,0.193654,True,Arctic_fox,0.0716476,False
2017-01-21 03:29:14+00:00,822647212903690241,Twitter for iPhone,RT @dog_rates: This is Paisley. She really wanted to be president this time. Dreams officially crushed. 13/10 https://t.co/liJGwMp17E,"https://twitter.com/dog_rates/status/822489057087389700/photo/1,https://twitter.com/dog_rates/status/822489057087389700/photo/1,https://twitter.com/dog_rates/status/822489057087389700/photo/1,https://twitter.com/dog_rates/status/822489057087389700/photo/1,https://twitter.com/dog_rates/status/822489057087389700/photo/1,https://twitter.com/dog_rates/status/822489057087389700/photo/1",13,10,Paisley,,7349,0,https://pbs.twimg.com/media/C2oRbOuWEAAbVSl.jpg,1,Samoyed,0.416769,True,malamute,0.252706,True,kuvasz,0.157028,True
2017-01-18 20:16:54+00:00,821813639212650496,Twitter for iPhone,RT @dog_rates: Meet Hercules. He can have whatever he wants for the rest of eternity. 12/10 would snug passionately https://t.co/mH0IOyFdIG,"https://twitter.com/dog_rates/status/780601303617732608/photo/1,https://twitter.com/dog_rates/status/780601303617732608/photo/1",12,10,Hercules,,3810,0,https://pbs.twimg.com/media/CtVAvX-WIAAcGTf.jpg,1,Saint_Bernard,0.995143,True,Cardigan,0.00304359,True,English_springer,0.00104955,True
2017-01-15 01:45:15+00:00,820446719150292993,Twitter for iPhone,RT @dog_rates: This is Peaches. She's the ultimate selfie sidekick. Super sneaky tongue slip appreciated. 13/10 https://t.co/pbKOesr8Tg,"https://twitter.com/dog_rates/status/800141422401830912/photo/1,https://twitter.com/dog_rates/status/800141422401830912/photo/1,https://twitter.com/dog_rates/status/800141422401830912/photo/1,https://twitter.com/dog_rates/status/800141422401830912/photo/1,https://twitter.com/dog_rates/status/800141422401830912/photo/1,https://twitter.com/dog_rates/status/800141422401830912/photo/1",13,10,Peaches,,2968,0,https://pbs.twimg.com/media/CxqsX-8XUAAEvjD.jpg,3,golden_retriever,0.938048,True,kuvasz,0.0251195,True,Labrador_retriever,0.0229773,True
2017-01-11 02:57:27+00:00,819015337530290176,Twitter for iPhone,RT @dog_rates: This is Bo. He was a very good First Doggo. 14/10 would be an absolute honor to pet https://t.co/AdPKrI8BZ1,"https://twitter.com/dog_rates/status/819004803107983360/photo/1,https://twitter.com/dog_rates/status/819004803107983360/photo/1,https://twitter.com/dog_rates/status/819004803107983360/photo/1,https://twitter.com/dog_rates/status/819004803107983360/photo/1,https://twitter.com/dog_rates/status/819004803107983360/photo/1,https://twitter.com/dog_rates/status/819004803107983360/photo/1,https://twitter.com/dog_rates/status/819004803107983360/photo/1,https://twitter.com/dog_rates/status/819004803107983360/photo/1",14,10,Bo,doggo,42045,0,https://pbs.twimg.com/media/C12whDoVEAALRxa.jpg,1,standard_poodle,0.351308,True,toy_poodle,0.271929,True,Tibetan_terrier,0.0947592,True
2017-01-11 02:57:26+00:00,819015331746349057,Twitter for iPhone,RT @dog_rates: This is Sunny. She was also a very good First Doggo. 14/10 would also be an absolute honor to pet https://t.co/YOC1fHFCSb,"https://twitter.com/dog_rates/status/819006400881917954/photo/1,https://twitter.com/dog_rates/status/819006400881917954/photo/1,https://twitter.com/dog_rates/status/819006400881917954/photo/1,https://twitter.com/dog_rates/status/819006400881917954/photo/1,https://twitter.com/dog_rates/status/819006400881917954/photo/1,https://twitter.com/dog_rates/status/819006400881917954/photo/1,https://twitter.com/dog_rates/status/819006400881917954/photo/1,https://twitter.com/dog_rates/status/819006400881917954/photo/1",14,10,Sunny,doggo,21699,0,https://pbs.twimg.com/media/C12x-JTVIAAzdfl.jpg,4,prison,0.907083,False,palace,0.0200891,False,umbrella,0.00784954,False
2017-01-09 22:42:41+00:00,818588835076603904,Twitter for iPhone,RT @dog_rates: This is Chelsea. She forgot how to dog. 11/10 get it together pupper https://t.co/nBJ5RE4yHb,"https://twitter.com/dog_rates/status/773547596996571136/photo/1,https://twitter.com/dog_rates/status/773547596996571136/photo/1",11,10,Chelsea,pupper,7085,0,https://pbs.twimg.com/media/Crwxb5yWgAAX5P_.jpg,1,Norwegian_elkhound,0.372202,True,Chesapeake_Bay_retriever,0.13718699999999998,True,malamute,0.07143619999999999,True
2017-01-06 01:31:47+00:00,817181837579653120,Twitter for iPhone,RT @dog_rates: Here's a pupper with squeaky hiccups. Please enjoy. 13/10 https://t.co/MiMKtsLN6k,"https://twitter.com/dog_rates/status/815966073409433600/video/1,https://twitter.com/dog_rates/status/815966073409433600/video/1",13,10,,pupper,9846,0,https://pbs.twimg.com/ext_tw_video_thumb/815965888126062592/pu/img/JleSw4wRhgKDWQj5.jpg,1,Tibetan_mastiff,0.506312,True,Tibetan_terrier,0.29569,True,otterhound,0.0362507,True
2017-01-05 02:09:53+00:00,816829038950027264,Twitter for iPhone,RT @dog_rates: This is Betty. She's assisting with the dishes. Such a good puppo. 12/10 h*ckin helpful af https://t.co/dgvTPZ9tgI,"https://twitter.com/dog_rates/status/790946055508652032/photo/1,https://twitter.com/dog_rates/status/790946055508652032/photo/1",12,10,Betty,puppo,5468,0,https://pbs.twimg.com/media/CvoBPWRWgAA4het.jpg,1,dishwasher,0.700466,False,golden_retriever,0.245773,True,chow,0.0390117,True
2017-01-02 20:12:21+00:00,816014286006976512,Twitter for iPhone,RT @dog_rates: This is Larry. He has no self control. Tongue still nifty af tho 11/10 https://t.co/ghyT4Ubk1r,"https://twitter.com/dog_rates/status/732005617171337216/photo/1,https://twitter.com/dog_rates/status/732005617171337216/photo/1,https://twitter.com/dog_rates/status/732005617171337216/photo/1,https://twitter.com/dog_rates/status/732005617171337216/photo/1",11,10,Larry,,6115,0,https://pbs.twimg.com/media/CiibOMzUYAA9Mxz.jpg,1,English_setter,0.677408,True,Border_collie,0.052724,True,cocker_spaniel,0.0485719,True
2016-12-28 03:08:11+00:00,813944609378369540,Twitter for iPhone,RT @dog_rates: This is Bruce. He never backs down from a challenge. 11/10 you got this Bruce https://t.co/aI7umZHIq7,"https://twitter.com/dog_rates/status/790277117346975746/photo/1,https://twitter.com/dog_rates/status/790277117346975746/photo/1",11,10,Bruce,,3717,0,https://pbs.twimg.com/media/Cveg1-NXgAASaaT.jpg,1,Labrador_retriever,0.427742,True,Great_Dane,0.190503,True,curly-coated_retriever,0.146427,True
2016-12-16 17:14:20+00:00,809808892968534016,Twitter for iPhone,RT @dog_rates: This is Maximus. His face is stuck like that. Tragic really. Great tongue tho. 12/10 would pet firmly https://t.co/xIfrsMNLBR,"https://twitter.com/dog_rates/status/793962221541933056/photo/1,https://twitter.com/dog_rates/status/793962221541933056/photo/1,https://twitter.com/dog_rates/status/793962221541933056/photo/1,https://twitter.com/dog_rates/status/793962221541933056/photo/1",12,10,Maximus,,5679,0,https://pbs.twimg.com/media/CwS4aqZXUAAe3IO.jpg,1,Labrador_retriever,0.8616510000000001,True,golden_retriever,0.0444618,True,Staffordshire_bullterrier,0.016496700000000003,True
2016-12-12 02:21:26+00:00,808134635716833280,Twitter for iPhone,RT @dog_rates: This is Milo. I would do terrible things for Milo. 13/10 https://t.co/R6wJyC2Tey,"https://twitter.com/dog_rates/status/801167903437357056/photo/1,https://twitter.com/dog_rates/status/801167903437357056/photo/1",13,10,Milo,,6925,0,https://pbs.twimg.com/media/Cx5R8wPVEAALa9r.jpg,1,cocker_spaniel,0.74022,True,Dandie_Dinmont,0.061604499999999986,True,English_setter,0.0413314,True
2016-12-09 03:08:45+00:00,807059379405148160,Twitter for iPhone,RT @dog_rates: This is Cali. She arrived preassembled. Convenient af. 12/10 appears to be rather h*ckin pettable https://t.co/vOBV1ZqVcX,"https://twitter.com/dog_rates/status/782969140009107456/photo/1,https://twitter.com/dog_rates/status/782969140009107456/photo/1,https://twitter.com/dog_rates/status/782969140009107456/photo/1,https://twitter.com/dog_rates/status/782969140009107456/photo/1",12,10,Cali,,8471,0,https://pbs.twimg.com/media/Ct2qO5PXEAE6eB0.jpg,1,seat_belt,0.474292,False,golden_retriever,0.17139300000000002,True,Labrador_retriever,0.110592,True
2016-12-06 21:04:11+00:00,806242860592926720,Twitter for iPhone,RT @dog_rates: This is Dave. He's currently in a predicament. Doesn't seem to mind tho. 12/10 someone assist Dave https://t.co/nfprKAXqwu,"https://twitter.com/dog_rates/status/783334639985389568/photo/1,https://twitter.com/dog_rates/status/783334639985389568/photo/1,https://twitter.com/dog_rates/status/783334639985389568/photo/1,https://twitter.com/dog_rates/status/783334639985389568/photo/1,https://twitter.com/dog_rates/status/783334639985389568/photo/1,https://twitter.com/dog_rates/status/783334639985389568/photo/1",12,10,Dave,,13512,0,https://pbs.twimg.com/media/Ct72q9jWcAAhlnw.jpg,2,Cardigan,0.593858,True,Shetland_sheepdog,0.13061099999999998,True,Pembroke,0.100842,True
2016-12-06 02:15:59+00:00,805958939288408065,Twitter for iPhone,"RT @dog_rates: This is Penny. She fought a bee and the bee won. 10/10 you're fine Penny, everything's fine https://t.co/zrMVdfFej6","https://twitter.com/dog_rates/status/782722598790725632/photo/1,https://twitter.com/dog_rates/status/782722598790725632/photo/1",10,10,Penny,,6201,0,https://pbs.twimg.com/media/CtzKC7zXEAALfSo.jpg,1,Irish_setter,0.574557,True,golden_retriever,0.339251,True,seat_belt,0.0461082,False
2016-12-01 19:56:00+00:00,804413760345620481,Twitter for iPhone,RT @dog_rates: This is Rusty. He's going D1 for sure. Insane vertical. 13/10 would draft https://t.co/AsykOwMrXQ,"https://twitter.com/dog_rates/status/784826020293709826/photo/1,https://twitter.com/dog_rates/status/784826020293709826/photo/1",13,10,Rusty,,3698,0,https://pbs.twimg.com/media/CuRDF-XWcAIZSer.jpg,1,chow,0.0903414,True,binoculars,0.08349880000000001,False,Irish_setter,0.0774556,True
2016-11-29 20:08:52+00:00,803692223237865472,Twitter for iPhone,RT @dog_rates: I present to you... Dog Jesus. 13/10 (he could be sitting on a rock but I doubt it) https://t.co/fR1P3g5I6k,"https://twitter.com/dog_rates/status/691416866452082688/photo/1,https://twitter.com/dog_rates/status/691416866452082688/photo/1",13,10,,,8638,0,https://pbs.twimg.com/media/CZhn-QAWwAASQan.jpg,1,Lakeland_terrier,0.530104,True,Irish_terrier,0.197314,True,Airedale,0.08251460000000001,True
2016-11-26 21:26:58+00:00,802624713319034886,Twitter for iPhone,"RT @dog_rates: ""Yep... just as I suspected. You're not flossing."" 12/10 and 11/10 for the pup not flossing https://t.co/SuXcI9B7pQ","https://twitter.com/dog_rates/status/777684233540206592/photo/1,https://twitter.com/dog_rates/status/777684233540206592/photo/1",12,10,,,3390,0,https://pbs.twimg.com/media/CsrjryzWgAAZY00.jpg,1,cocker_spaniel,0.253442,True,golden_retriever,0.16285,True,otterhound,0.110921,True
2016-11-25 20:26:31+00:00,802247111496568832,Twitter for iPhone,RT @dog_rates: Everybody drop what you're doing and look at this dog. 13/10 must be super h*ckin rare https://t.co/I1bJUzUEW5,"https://twitter.com/dog_rates/status/779056095788752897/photo/1,https://twitter.com/dog_rates/status/779056095788752897/photo/1,https://twitter.com/dog_rates/status/779056095788752897/photo/1,https://twitter.com/dog_rates/status/779056095788752897/photo/1",13,10,,,5202,0,https://pbs.twimg.com/media/Cs_DYr1XEAA54Pu.jpg,1,Chihuahua,0.721188,True,toy_terrier,0.112943,True,kelpie,0.0533645,True
2016-11-20 21:00:48+00:00,800443802682937345,Twitter for iPhone,RT @dog_rates: This is Sampson. He's about to get hit with a vicious draw 2. Has no idea. 11/10 poor pupper https://t.co/FYT9QBEnKG,"https://twitter.com/dog_rates/status/776113305656188928/photo/1,https://twitter.com/dog_rates/status/776113305656188928/photo/1",11,10,Sampson,pupper,5024,0,https://pbs.twimg.com/media/CsVO7ljW8AAckRD.jpg,1,mousetrap,0.777468,False,black_widow,0.0939402,False,paddlewheel,0.0174919,False
2016-11-19 00:40:24+00:00,799774291445383169,Twitter for iPhone,RT @dog_rates: This is Tucker. He would like a hug. 13/10 someone hug him https://t.co/wdgY9oHPrT,"https://twitter.com/dog_rates/status/775085132600442880/photo/1,https://twitter.com/dog_rates/status/775085132600442880/photo/1",13,10,Tucker,,5448,0,https://pbs.twimg.com/media/CsGnz64WYAEIDHJ.jpg,1,chow,0.316565,True,golden_retriever,0.241929,True,Pomeranian,0.157524,True
2016-11-16 01:23:12+00:00,798697898615730177,Twitter for iPhone,RT @dog_rates: This is Stubert. He just arrived. 10/10 https://t.co/HVGs5aAKAn,"https://twitter.com/dog_rates/status/712809025985978368/photo/1,https://twitter.com/dog_rates/status/712809025985978368/photo/1",10,10,Stubert,,7555,0,https://pbs.twimg.com/media/CeRoBaxWEAABi0X.jpg,1,Labrador_retriever,0.8686709999999999,True,carton,0.0950952,False,pug,0.00765137,True
2016-11-16 01:09:57+00:00,798694562394996736,Twitter for iPhone,"RT @dog_rates: I'm not sure what's happening here, but it's pretty spectacular. 12/10 for both https://t.co/JKXh0NbBNL","https://twitter.com/dog_rates/status/701214700881756160/photo/1,https://twitter.com/dog_rates/status/701214700881756160/photo/1",12,10,,,5779,0,https://pbs.twimg.com/media/Cbs3DOAXIAAp3Bd.jpg,1,Chihuahua,0.615163,True,Pembroke,0.15950899999999998,True,basenji,0.08446569999999999,True
2016-11-15 23:44:44+00:00,798673117451325440,Twitter for iPhone,"RT @dog_rates: I shall call him squishy and he shall be mine, and he shall be my squishy. 13/10 https://t.co/WId5lxNdPH","https://twitter.com/dog_rates/status/675501075957489664/photo/1,https://twitter.com/dog_rates/status/675501075957489664/photo/1",13,10,,,6454,0,https://pbs.twimg.com/media/CV_cnjHWUAADc-c.jpg,1,dough,0.806757,False,bakery,0.0279066,False,French_loaf,0.0181889,False
2016-11-15 23:13:58+00:00,798665375516884993,Twitter for iPhone,RT @dog_rates: This is Lola. She fell asleep on a piece of pizza. 10/10 frighteningly relatable https://t.co/eqmkr2gmPH,"https://twitter.com/dog_rates/status/671896809300709376/photo/1,https://twitter.com/dog_rates/status/671896809300709376/photo/1",10,10,Lola,,4494,0,https://pbs.twimg.com/media/CVMOlMiWwAA4Yxl.jpg,1,chow,0.243529,True,hamster,0.22715,False,Pomeranian,0.0560567,True
2016-11-15 21:49:12+00:00,798644042770751489,Twitter for iPhone,RT @dog_rates: This is Paull. He just stubbed his toe. 10/10 deep breaths Paull https://t.co/J5Mqn8VeYq,"https://twitter.com/dog_rates/status/670444955656130560/photo/1,https://twitter.com/dog_rates/status/670444955656130560/photo/1",10,10,Paull,,2142,0,https://pbs.twimg.com/media/CU3mITUWIAAfyQS.jpg,1,English_springer,0.403698,True,Brittany_spaniel,0.347609,True,Welsh_springer_spaniel,0.137186,True
2016-11-15 20:47:30+00:00,798628517273620480,Twitter for iPhone,RT @dog_rates: This a Norwegian Pewterschmidt named Tickles. Ears for days. 12/10 I care deeply for Tickles https://t.co/0aDF62KVP7,"https://twitter.com/dog_rates/status/667509364010450944/photo/1,https://twitter.com/dog_rates/status/667509364010450944/photo/1",12,10,,,2265,0,https://pbs.twimg.com/media/CUN4Or5UAAAa5K4.jpg,1,beagle,0.636169,True,Labrador_retriever,0.119256,True,golden_retriever,0.08254919999999999,True
2016-11-15 01:44:00+00:00,798340744599797760,Twitter for iPhone,RT @dog_rates: This is Davey. He'll have your daughter home by 8. Just a stand up pup. 11/10 would introduce to mom https://t.co/E6bGWf9EOm,"https://twitter.com/dog_rates/status/771770456517009408/photo/1,https://twitter.com/dog_rates/status/771770456517009408/photo/1",11,10,Davey,,3901,0,https://pbs.twimg.com/media/CrXhIqBW8AA6Bse.jpg,1,papillon,0.53318,True,collie,0.192031,True,Border_collie,0.121626,True
2016-11-09 02:29:25+00:00,796177847564038144,Twitter for iPhone,RT @dog_rates: This is Ruby. She just turned on the news. Officially terrified. 11/10 deep breaths Ruby https://t.co/y5KarNXWXt,"https://twitter.com/dog_rates/status/796149749086875649/photo/1,https://twitter.com/dog_rates/status/796149749086875649/photo/1,https://twitter.com/dog_rates/status/796149749086875649/photo/1,https://twitter.com/dog_rates/status/796149749086875649/photo/1",11,10,Ruby,,16559,0,https://pbs.twimg.com/media/Cwx99rpW8AMk_Ie.jpg,1,golden_retriever,0.600276,True,Labrador_retriever,0.140798,True,seat_belt,0.0873548,False
2016-11-05 19:24:28+00:00,794983741416415232,Twitter for iPhone,RT @dog_rates: This is Rizzy. She smiles a lot. 12/10 contagious af https://t.co/TU4sZogVIq,"https://twitter.com/dog_rates/status/789530877013393408/photo/1,https://twitter.com/dog_rates/status/789530877013393408/photo/1,https://twitter.com/dog_rates/status/789530877013393408/photo/1,https://twitter.com/dog_rates/status/789530877013393408/photo/1,https://twitter.com/dog_rates/status/789530877013393408/photo/1,https://twitter.com/dog_rates/status/789530877013393408/photo/1",12,10,Rizzy,,3924,0,https://pbs.twimg.com/media/CvT6IV6WEAQhhV5.jpg,3,schipperke,0.363272,True,kelpie,0.197021,True,Norwegian_elkhound,0.151024,True
2016-11-04 01:48:22+00:00,794355576146903043,Twitter for iPhone,RT @dog_rates: This is Butter. She can have whatever she wants forever. 12/10 would hug softly https://t.co/x5gXRS1abq,"https://twitter.com/dog_rates/status/788765914992902144/photo/1,https://twitter.com/dog_rates/status/788765914992902144/photo/1",12,10,Butter,,11969,0,https://pbs.twimg.com/media/CvJCabcWgAIoUxW.jpg,1,cocker_spaniel,0.500509,True,golden_retriever,0.27273400000000003,True,jigsaw_puzzle,0.041475800000000014,False
2016-11-02 00:42:53+00:00,793614319594401792,Twitter for iPhone,RT @dog_rates: When she says you're a good boy and you know you're a good boy because you're a good boy. 13/10 https://t.co/O5IUmRHRIh,"https://twitter.com/dog_rates/status/791672322847637504/photo/1,https://twitter.com/dog_rates/status/791672322847637504/photo/1",13,10,,,3646,0,https://pbs.twimg.com/media/CvyVxQRWEAAdSZS.jpg,1,golden_retriever,0.705092,True,Labrador_retriever,0.219721,True,kuvasz,0.015965,True
2016-10-25 21:18:40+00:00,791026214425268224,Twitter for iPhone,RT @dog_rates: This is Alfie. He's touching a butt. Couldn't be happier. 11/10 https://t.co/gx3xF5mZbo,"https://twitter.com/dog_rates/status/763837565564780549/photo/1,https://twitter.com/dog_rates/status/763837565564780549/photo/1",11,10,Alfie,,4818,0,https://pbs.twimg.com/media/CpmyNumW8AAAJGj.jpg,1,malamute,0.375098,True,jean,0.0693617,False,keeshond,0.0505276,True
2016-10-25 01:14:59+00:00,790723298204217344,Twitter for iPhone,RT @dog_rates: This is Happy. He's a bathtub reviewer. Seems to be pleased with this one. 12/10 https://t.co/Ln89R4FP7v,"https://twitter.com/dog_rates/status/789986466051088384/photo/1,https://twitter.com/dog_rates/status/789986466051088384/photo/1",12,10,Happy,,2686,0,https://pbs.twimg.com/media/CvaYgDOWgAEfjls.jpg,1,tub,0.479477,False,bathtub,0.325106,False,golden_retriever,0.07853049999999999,True
2016-10-17 17:32:13+00:00,788070120937619456,Twitter for iPhone,RT @dog_rates: This is Bo and Ty. Bo eats paper and Ty felt left out. 11/10 for both https://t.co/1acHQS8rvK,"https://twitter.com/dog_rates/status/761004547850530816/photo/1,https://twitter.com/dog_rates/status/761004547850530816/photo/1",11,10,Bo,,3933,0,https://pbs.twimg.com/media/Co-hmcYXYAASkiG.jpg,1,golden_retriever,0.735163,True,Sussex_spaniel,0.064897,True,Labrador_retriever,0.0477037,True
2016-10-12 02:53:11+00:00,786036967502913536,Twitter for iPhone,RT @dog_rates: This is Scout. He really wants to kiss himself. H*ckin inappropriate. 11/10 narcissistic af https://t.co/x0gV2Ck3AD,"https://twitter.com/dog_rates/status/779834332596887552/photo/1,https://twitter.com/dog_rates/status/779834332596887552/photo/1,https://twitter.com/dog_rates/status/779834332596887552/photo/1,https://twitter.com/dog_rates/status/779834332596887552/photo/1,https://twitter.com/dog_rates/status/779834332596887552/photo/1,https://twitter.com/dog_rates/status/779834332596887552/photo/1,https://twitter.com/dog_rates/status/779834332596887552/photo/1,https://twitter.com/dog_rates/status/779834332596887552/photo/1",11,10,Scout,,8148,0,https://pbs.twimg.com/media/CtKHLuCWYAA2TTs.jpg,1,golden_retriever,0.99383,True,cocker_spaniel,0.00314271,True,Great_Pyrenees,0.000917414,True
2016-10-04 16:46:14+00:00,783347506784731136,Twitter for iPhone,RT @dog_rates: This is Kenny. He just wants to be included in the happenings. 11/10 https://t.co/2S6oye3XqK,"https://twitter.com/dog_rates/status/674291837063053312/photo/1,https://twitter.com/dog_rates/status/674291837063053312/photo/1",11,10,Kenny,,6495,0,https://pbs.twimg.com/media/CVuQ2LeUsAAIe3s.jpg,1,Cardigan,0.611525,True,Pembroke,0.368566,True,Chihuahua,0.00332957,True
2016-10-01 00:58:26+00:00,782021823840026624,Twitter for iPhone,RT @dog_rates: This is Harper. She scraped her elbow attempting a backflip off a tree. Valiant effort tho. 12/10 https://t.co/oHKJHghrp5,"https://twitter.com/dog_rates/status/707610948723478529/photo/1,https://twitter.com/dog_rates/status/707610948723478529/photo/1",12,10,Harper,,7196,0,https://pbs.twimg.com/media/CdHwZd0VIAA4792.jpg,1,golden_retriever,0.383223,True,cocker_spaniel,0.16593,True,Chesapeake_Bay_retriever,0.118199,True
2016-09-26 19:56:24+00:00,780496263422808064,Twitter for iPhone,RT @dog_rates: This is Bell. She likes holding hands. 12/10 would definitely pet with other hand https://t.co/BXIuvkQO9b,"https://twitter.com/dog_rates/status/742423170473463808/photo/1,https://twitter.com/dog_rates/status/742423170473463808/photo/1",12,10,Bell,,4293,0,https://pbs.twimg.com/media/Ck2d7tJWUAEPTL3.jpg,1,pug,0.99731,True,Brabancon_griffon,0.00118563,True,French_bulldog,0.000427989,True
2016-09-26 18:38:05+00:00,780476555013349377,Twitter for iPhone,"RT @Patreon: Well. @dog_rates is on Patreon. 

12/10. 

https://t.co/rnKvzt6RJs https://t.co/v4e2ywe8iO","https://www.patreon.com/WeRateDogs,https://twitter.com/Patreon/status/780465709297995776/photo/1,https://www.patreon.com/WeRateDogs,https://twitter.com/Patreon/status/780465709297995776/photo/1",12,10,,,136,0,https://pbs.twimg.com/tweet_video_thumb/CtTFZZfUsAE5hgp.jpg,1,pug,0.919255,True,French_bulldog,0.0323503,True,bull_mastiff,0.028467900000000008,True
2016-09-21 00:53:04+00:00,778396591732486144,Twitter for iPhone,RT @dog_rates: This is an East African Chalupa Seal. We only rate dogs. Please only send in dogs. Thank you... 10/10 https://t.co/iHe6liLwWR,"https://twitter.com/dog_rates/status/703041949650034688/photo/1,https://twitter.com/dog_rates/status/703041949650034688/photo/1",10,10,,,14089,0,https://pbs.twimg.com/media/CcG07BYW0AErrC9.jpg,1,hippopotamus,0.581403,False,doormat,0.152445,False,sea_lion,0.0263643,False
2016-09-18 22:54:18+00:00,777641927919427584,Twitter for iPhone,RT @dog_rates: This is Arnie. He's a Nova Scotian Fridge Floof. Rare af. 12/10 https://t.co/lprdOylVpS,"https://twitter.com/dog_rates/status/750429297815552001/photo/1,https://twitter.com/dog_rates/status/750429297815552001/photo/1,https://twitter.com/dog_rates/status/750429297815552001/photo/1,https://twitter.com/dog_rates/status/750429297815552001/photo/1",12,10,Arnie,floof,4915,0,https://pbs.twimg.com/media/CmoPdmHW8AAi8BI.jpg,1,golden_retriever,0.964929,True,Labrador_retriever,0.0115837,True,refrigerator,0.00749862,False
2016-09-16 16:24:19+00:00,776819012571455488,Twitter for iPhone,RT @dog_rates: Everybody look at this beautiful pupper 13/10 https://t.co/hyAC5Hq9GC,"https://twitter.com/dog_rates/status/679828447187857408/photo/1,https://twitter.com/dog_rates/status/679828447187857408/photo/1,https://twitter.com/dog_rates/status/679828447187857408/photo/1,https://twitter.com/dog_rates/status/679828447187857408/photo/1,https://twitter.com/dog_rates/status/679828447187857408/photo/1,https://twitter.com/dog_rates/status/679828447187857408/photo/1",13,10,,pupper,15743,0,https://pbs.twimg.com/media/CW88XN4WsAAlo8r.jpg,3,Chihuahua,0.346545,True,dalmatian,0.166246,True,toy_terrier,0.117502,True
2016-09-14 03:27:11+00:00,775898661951791106,Twitter for iPhone,"RT @dog_rates: Like father (doggo), like son (pupper). Both 12/10 https://t.co/pG2inLaOda","https://twitter.com/dog_rates/status/733109485275860992/photo/1,https://twitter.com/dog_rates/status/733109485275860992/photo/1",12,10,,pupper,17522,0,https://pbs.twimg.com/media/CiyHLocU4AI2pJu.jpg,1,golden_retriever,0.945523,True,Labrador_retriever,0.0423191,True,doormat,0.00395626,False
2016-09-14 03:27:11+00:00,775898661951791106,Twitter for iPhone,"RT @dog_rates: Like father (doggo), like son (pupper). Both 12/10 https://t.co/pG2inLaOda","https://twitter.com/dog_rates/status/733109485275860992/photo/1,https://twitter.com/dog_rates/status/733109485275860992/photo/1",12,10,,doggo,17522,0,https://pbs.twimg.com/media/CiyHLocU4AI2pJu.jpg,1,golden_retriever,0.945523,True,Labrador_retriever,0.0423191,True,doormat,0.00395626,False
2016-09-05 02:00:22+00:00,772615324260794368,Twitter for iPhone,RT @dog_rates: This is Gromit. He's pupset because there's no need to beware of him. Just wants a pettin. 10/10 https://t.co/eSvz4EapHH,"https://twitter.com/dog_rates/status/765222098633691136/photo/1,https://twitter.com/dog_rates/status/765222098633691136/photo/1",10,10,Gromit,,3881,0,https://pbs.twimg.com/media/Cp6db4-XYAAMmqL.jpg,1,dalmatian,0.556595,True,whippet,0.151047,True,American_Staffordshire_terrier,0.0964355,True
2016-09-01 02:21:21+00:00,771171053431250945,Twitter for iPhone,RT @dog_rates: This is Frankie. He's wearing blush. 11/10 really accents the cheek bones https://t.co/iJABMhVidf,"https://twitter.com/dog_rates/status/673320132811366400/photo/1,https://twitter.com/dog_rates/status/673320132811366400/photo/1,https://twitter.com/dog_rates/status/673320132811366400/photo/1,https://twitter.com/dog_rates/status/673320132811366400/photo/1,https://twitter.com/dog_rates/status/673320132811366400/photo/1,https://twitter.com/dog_rates/status/673320132811366400/photo/1,https://twitter.com/dog_rates/status/673320132811366400/photo/1,https://twitter.com/dog_rates/status/673320132811366400/photo/1",11,10,Frankie,,8653,0,https://pbs.twimg.com/media/CVgdFjNWEAAxmbq.jpg,3,Samoyed,0.978833,True,Pomeranian,0.012763,True,Eskimo_dog,0.00185305,True
2016-08-31 15:19:06+00:00,771004394259247104,Twitter for iPhone,RT @katieornah: @dog_rates learning a lot at college 12/10 for my professor thank u for the pupper slides https://t.co/nTFDr99hg0,"https://twitter.com/katieornah/status/771002130450743296/photo/1,https://twitter.com/katieornah/status/771002130450743296/photo/1",12,10,,pupper,252,0,https://pbs.twimg.com/media/CrMmVqyWcAIDCHI.jpg,1,home_theater,0.414338,False,iPod,0.0527413,False,pop_bottle,0.0488206,False
2016-08-29 03:00:36+00:00,770093767776997377,Twitter for iPhone,RT @dog_rates: This is just downright precious af. 12/10 for both pupper and doggo https://t.co/o5J479bZUC,"https://twitter.com/dog_rates/status/741067306818797568/photo/1,https://twitter.com/dog_rates/status/741067306818797568/photo/1",12,10,,pupper,3492,0,https://pbs.twimg.com/media/CkjMx99UoAM2B1a.jpg,1,golden_retriever,0.843799,True,Labrador_retriever,0.0529559,True,kelpie,0.0357111,True
2016-08-29 03:00:36+00:00,770093767776997377,Twitter for iPhone,RT @dog_rates: This is just downright precious af. 12/10 for both pupper and doggo https://t.co/o5J479bZUC,"https://twitter.com/dog_rates/status/741067306818797568/photo/1,https://twitter.com/dog_rates/status/741067306818797568/photo/1",12,10,,doggo,3492,0,https://pbs.twimg.com/media/CkjMx99UoAM2B1a.jpg,1,golden_retriever,0.843799,True,Labrador_retriever,0.0529559,True,kelpie,0.0357111,True
2016-08-18 01:03:45+00:00,766078092750233600,Twitter for iPhone,RT @dog_rates: This is Colby. He's currently regretting all those times he shook your hand for an extra treat. 12/10 https://t.co/vtVHtKFtBH,"https://twitter.com/dog_rates/status/725842289046749185/photo/1,https://twitter.com/dog_rates/status/725842289046749185/photo/1",12,10,Colby,,2955,0,https://pbs.twimg.com/media/ChK1tdBWwAQ1flD.jpg,1,toy_poodle,0.420463,True,miniature_poodle,0.13264,True,Chesapeake_Bay_retriever,0.121523,True
2016-08-06 02:27:27+00:00,761750502866649088,Twitter for iPhone,"RT @dog_rates: ""Tristan do not speak to me with that kind of tone or I will take away the Xbox."" 10/10 https://t.co/VGPH0TfESw","https://twitter.com/dog_rates/status/685325112850124800/photo/1,https://twitter.com/dog_rates/status/685325112850124800/photo/1",10,10,,,4511,0,https://pbs.twimg.com/media/CYLDikFWEAAIy1y.jpg,1,golden_retriever,0.586937,True,Labrador_retriever,0.39826,True,kuvasz,0.00540969,True
2016-08-05 01:19:35+00:00,761371037149827077,Twitter for iPhone,RT @dog_rates: Oh. My. God. 13/10 magical af https://t.co/Ezu6jQrKAZ,"https://twitter.com/dog_rates/status/711694788429553666/photo/1,https://twitter.com/dog_rates/status/711694788429553666/photo/1",13,10,,,20400,0,https://pbs.twimg.com/tweet_video_thumb/CeBym7oXEAEWbEg.jpg,1,brown_bear,0.7132930000000001,False,Indian_elephant,0.172844,False,water_buffalo,0.0389022,False
2016-07-31 01:50:18+00:00,759566828574212096,Twitter for iPhone,RT @dog_rates: This... is a Tyrannosaurus rex. We only rate dogs. Please only send in dogs. Thank you ...10/10 https://t.co/zxw8d5g94P,"https://twitter.com/dog_rates/status/739544079319588864/photo/1,https://twitter.com/dog_rates/status/739544079319588864/photo/1",10,10,,,24183,0,https://pbs.twimg.com/media/CkNjahBXAAQ2kWo.jpg,1,Labrador_retriever,0.967397,True,golden_retriever,0.0166414,True,ice_bear,0.0148576,False
2016-07-29 22:53:27+00:00,759159934323924993,Twitter for iPhone,"RT @dog_rates: AT DAWN...
WE RIDE

11/10 https://t.co/QnfO7HEQGA","https://twitter.com/dog_rates/status/670319130621435904/photo/1,https://twitter.com/dog_rates/status/670319130621435904/photo/1",11,10,,,1348,0,https://pbs.twimg.com/media/CU1zsMSUAAAS0qW.jpg,1,Irish_terrier,0.254856,True,briard,0.227716,True,soft-coated_wheaten_terrier,0.223263,True
2016-07-26 00:08:05+00:00,757729163776290825,Twitter for iPhone,RT @dog_rates: This is Chompsky. He lives up to his name. 11/10 https://t.co/Xl37lQEWd0,"https://twitter.com/dog_rates/status/679062614270468097/photo/1,https://twitter.com/dog_rates/status/679062614270468097/photo/1,https://twitter.com/dog_rates/status/679062614270468097/photo/1,https://twitter.com/dog_rates/status/679062614270468097/photo/1",11,10,Chompsky,,9247,0,https://pbs.twimg.com/media/CWyD2HGUYAQ1Xa7.jpg,2,cash_machine,0.802333,False,schipperke,0.0455186,True,German_shepherd,0.0233535,True
2016-07-25 15:26:30+00:00,757597904299253760,Twitter for iPhone,RT @jon_hill987: @dog_rates There is a cunningly disguised pupper here mate! 11/10 at least. https://t.co/7boff8zojZ,"https://twitter.com/jon_hill987/status/757597141099548672/photo/1,https://twitter.com/jon_hill987/status/757597141099548672/photo/1",11,10,,pupper,331,0,https://pbs.twimg.com/media/CoOGZjiWAAEMKGx.jpg,1,doormat,0.8361059999999999,False,wallet,0.0566269,False,purse,0.0513335,False
2016-07-18 03:06:01+00:00,754874841593970688,Twitter for iPhone,RT @dog_rates: This is Rubio. He has too much skin. 11/10 https://t.co/NLOHmlENag,"https://twitter.com/dog_rates/status/679158373988876288/photo/1,https://twitter.com/dog_rates/status/679158373988876288/photo/1",11,10,Rubio,,9140,0,https://pbs.twimg.com/media/CWza7kpWcAAdYLc.jpg,1,pug,0.27220500000000003,True,bull_mastiff,0.25153000000000003,True,bath_towel,0.116806,False
2016-07-11 01:11:51+00:00,752309394570878976,Twitter for iPhone,RT @dog_rates: Everyone needs to watch this. 13/10 https://t.co/Bb3xnpsWBC,"https://twitter.com/dog_rates/status/675354435921575936/video/1,https://twitter.com/dog_rates/status/675354435921575936/video/1",13,10,,,18880,0,https://pbs.twimg.com/ext_tw_video_thumb/675354114423808004/pu/img/qL1R_nGLqa6lmkOx.jpg,1,upright,0.303415,False,golden_retriever,0.181351,True,Brittany_spaniel,0.16208399999999998,True
2016-03-21 19:31:59+00:00,711998809858043904,Twitter for iPhone,RT @twitter: @dog_rates Awesome Tweet! 12/10. Would Retweet. #LoveTwitter https://t.co/j6FQGhxYuN,"https://twitter.com/twitter/status/711998279773347841/photo/1,https://twitter.com/twitter/status/711998279773347841/photo/1",12,10,,,138,0,https://pbs.twimg.com/tweet_video_thumb/CeGGkWuUUAAYWU1.jpg,1,comic_book,0.105171,False,kuvasz,0.0598951,True,book_jacket,0.0466381,False
2015-11-20 03:51:52+00:00,667550904950915073,Twitter Web Client,"RT @dogratingrating: Exceptional talent. Original humor. Cutting edge, Nova Scotian comedian. 12/10 https://t.co/uarnTjBeVA","https://twitter.com/dogratingrating/status/667548695664070656/photo/1,https://twitter.com/dogratingrating/status/667548695664070656/photo/1",12,10,,,37,0,https://pbs.twimg.com/media/CUOb_gUUkAACXdS.jpg,1,web_site,0.999335,False,vizsla,8.10632e-05,True,collie,6.915899999999999e-05,True
2015-11-20 03:51:47+00:00,667550882905632768,Twitter Web Client,RT @dogratingrating: Unoriginal idea. Blatant plagiarism. Curious grammar. -5/10 https://t.co/r7XzeQZWzb,"https://twitter.com/dogratingrating/status/667548415174144001/photo/1,https://twitter.com/dogratingrating/status/667548415174144001/photo/1",5,10,,,34,0,https://pbs.twimg.com/media/CUObvUJVEAAnYPF.jpg,1,web_site,0.998258,False,dishwasher,0.000201084,False,oscilloscope,0.000141736,False
