name,rate,location,category,info_link,cover_link,year
肖申克的救赎,9.7,美国,犯罪,https://movie.douban.com/subject/1292052/,https://img3.doubanio.com/view/photo/s_ratio_poster/public/p480747492.jpg,1994
霸王别姬,9.6,中国大陆,剧情,https://movie.douban.com/subject/1291546/,https://img3.doubanio.com/view/photo/s_ratio_poster/public/p2561716440.jpg,1993
这个杀手不太冷,9.4,法国,犯罪,https://movie.douban.com/subject/1295644/,https://img3.doubanio.com/view/photo/s_ratio_poster/public/p511118051.jpg,1994
阿甘正传,9.4,美国,爱情,https://movie.douban.com/subject/1292720/,https://img3.doubanio.com/view/photo/s_ratio_poster/public/p2559011361.jpg,1994
美丽人生,9.5,意大利,战争,https://movie.douban.com/subject/1292063/,https://img3.doubanio.com/view/photo/s_ratio_poster/public/p510861873.jpg,1997
千与千寻,9.3,日本,动画,https://movie.douban.com/subject/1291561/,https://img1.doubanio.com/view/photo/s_ratio_poster/public/p2557573348.jpg,2001
泰坦尼克号,9.4,美国,剧情,https://movie.douban.com/subject/1292722/,https://img3.doubanio.com/view/photo/s_ratio_poster/public/p457760035.jpg,1997
辛德勒的名单,9.5,美国,历史,https://movie.douban.com/subject/1295124/,https://img3.doubanio.com/view/photo/s_ratio_poster/public/p492406163.jpg,1993
盗梦空间,9.3,美国,悬疑,https://movie.douban.com/subject/3541415/,https://img3.doubanio.com/view/photo/s_ratio_poster/public/p513344864.jpg,2010
忠犬八公的故事,9.3,美国,剧情,https://movie.douban.com/subject/3011091/,https://img3.doubanio.com/view/photo/s_ratio_poster/public/p524964016.jpg,2009
机器人总动员,9.3,美国,科幻,https://movie.douban.com/subject/2131459/,https://img3.doubanio.com/view/photo/s_ratio_poster/public/p1461851991.jpg,2008
三傻大闹宝莱坞,9.2,印度,喜剧,https://movie.douban.com/subject/3793023/,https://img3.doubanio.com/view/photo/s_ratio_poster/public/p579729551.jpg,2009
放牛班的春天,9.3,法国,音乐,https://movie.douban.com/subject/1291549/,https://img3.doubanio.com/view/photo/s_ratio_poster/public/p1910824951.jpg,2004
海上钢琴师,9.2,意大利,剧情,https://movie.douban.com/subject/1292001/,https://img1.doubanio.com/view/photo/s_ratio_poster/public/p511146807.jpg,1998
楚门的世界,9.2,美国,剧情,https://movie.douban.com/subject/1292064/,https://img3.doubanio.com/view/photo/s_ratio_poster/public/p479682972.jpg,1998
大话西游之大圣娶亲,9.2,香港,喜剧,https://movie.douban.com/subject/1292213/,https://img3.doubanio.com/view/photo/s_ratio_poster/public/p2455050536.jpg,1995
星际穿越,9.3,美国,冒险,https://movie.douban.com/subject/1889243/,https://img3.doubanio.com/view/photo/s_ratio_poster/public/p2206088801.jpg,2014
龙猫,9.2,日本,冒险,https://movie.douban.com/subject/1291560/,https://img3.doubanio.com/view/photo/s_ratio_poster/public/p2540924496.jpg,1988
熔炉,9.3,韩国,剧情,https://movie.douban.com/subject/5912992/,https://img3.doubanio.com/view/photo/s_ratio_poster/public/p1363250216.jpg,2011
教父,9.3,美国,犯罪,https://movie.douban.com/subject/1291841/,https://img3.doubanio.com/view/photo/s_ratio_poster/public/p616779645.jpg,1972
无间道,9.2,香港,剧情,https://movie.douban.com/subject/1307914/,https://img3.doubanio.com/view/photo/s_ratio_poster/public/p2564556863.jpg,2002
疯狂动物城,9.2,美国,动画,https://movie.douban.com/subject/25662329/,https://img1.doubanio.com/view/photo/s_ratio_poster/public/p2315672647.jpg,2016
当幸福来敲门,9.1,美国,剧情,https://movie.douban.com/subject/1849031/,https://img1.doubanio.com/view/photo/s_ratio_poster/public/p1312700628.jpg,2006
怦然心动,9.0,美国,剧情,https://movie.douban.com/subject/3319755/,https://img3.doubanio.com/view/photo/s_ratio_poster/public/p663036666.jpg,2010
触不可及,9.2,法国,剧情,https://movie.douban.com/subject/6786002/,https://img3.doubanio.com/view/photo/s_ratio_poster/public/p1454261925.jpg,2011
蝙蝠侠：黑暗骑士,9.1,美国,犯罪,https://movie.douban.com/subject/1851857/,https://img3.doubanio.com/view/photo/s_ratio_poster/public/p462657443.jpg,2008
乱世佳人,9.3,美国,战争,https://movie.douban.com/subject/1300267/,https://img3.doubanio.com/view/photo/s_ratio_poster/public/p1963126880.jpg,1939
活着,9.2,中国大陆,家庭,https://movie.douban.com/subject/1292365/,https://img3.doubanio.com/view/photo/s_ratio_poster/public/p2513253791.jpg,1994
控方证人,9.6,美国,悬疑,https://movie.douban.com/subject/1296141/,https://img1.doubanio.com/view/photo/s_ratio_poster/public/p1505392928.jpg,1957
少年派的奇幻漂流,9.0,美国,冒险,https://movie.douban.com/subject/1929463/,https://img3.doubanio.com/view/photo/s_ratio_poster/public/p1784592701.jpg,2012
指环王3：王者无敌,9.2,美国,剧情,https://movie.douban.com/subject/1291552/,https://img3.doubanio.com/view/photo/s_ratio_poster/public/p1910825503.jpg,2003
摔跤吧！爸爸,9.0,印度,剧情,https://movie.douban.com/subject/26387939/,https://img3.doubanio.com/view/photo/s_ratio_poster/public/p2457983084.jpg,2016
天空之城,9.1,日本,奇幻,https://movie.douban.com/subject/1291583/,https://img1.doubanio.com/view/photo/s_ratio_poster/public/p1446261379.jpg,1986
鬼子来了,9.2,中国大陆,剧情,https://movie.douban.com/subject/1291858/,https://img1.doubanio.com/view/photo/s_ratio_poster/public/p2553104888.jpg,2000
十二怒汉,9.4,美国,剧情,https://movie.douban.com/subject/1293182/,https://img3.doubanio.com/view/photo/s_ratio_poster/public/p2173577632.jpg,1957
天堂电影院,9.2,意大利,爱情,https://movie.douban.com/subject/1291828/,https://img1.doubanio.com/view/photo/s_ratio_poster/public/p2559577569.jpg,1988
飞屋环游记,9.0,美国,动画,https://movie.douban.com/subject/2129039/,https://img3.doubanio.com/view/photo/s_ratio_poster/public/p485887754.jpg,2009
大话西游之月光宝盒,9.0,香港,喜剧,https://movie.douban.com/subject/1299398/,https://img3.doubanio.com/view/photo/s_ratio_poster/public/p2561721372.jpg,1995
哈尔的移动城堡,9.0,日本,奇幻,https://movie.douban.com/subject/1308807/,https://img3.doubanio.com/view/photo/s_ratio_poster/public/p2174346180.jpg,2004
搏击俱乐部,9.0,美国,剧情,https://movie.douban.com/subject/1292000/,https://img1.doubanio.com/view/photo/s_ratio_poster/public/p1910926158.jpg,1999
罗马假日,9.0,美国,爱情,https://movie.douban.com/subject/1293839/,https://img3.doubanio.com/view/photo/s_ratio_poster/public/p2189265085.jpg,1953
末代皇帝,9.2,英国,传记,https://movie.douban.com/subject/1293172/,https://img3.doubanio.com/view/photo/s_ratio_poster/public/p452089833.jpg,1987
寻梦环游记,9.0,美国,音乐,https://movie.douban.com/subject/20495023/,https://img1.doubanio.com/view/photo/s_ratio_poster/public/p2503997609.jpg,2017
闻香识女人,9.0,美国,剧情,https://movie.douban.com/subject/1298624/,https://img1.doubanio.com/view/photo/s_ratio_poster/public/p2550757929.jpg,1992
辩护人,9.2,韩国,剧情,https://movie.douban.com/subject/21937445/,https://img3.doubanio.com/view/photo/s_ratio_poster/public/p2158166535.jpg,2013
素媛,9.2,韩国,剧情,https://movie.douban.com/subject/21937452/,https://img3.doubanio.com/view/photo/s_ratio_poster/public/p2118532944.jpg,2013
窃听风暴,9.1,德国,悬疑,https://movie.douban.com/subject/1900841/,https://img1.doubanio.com/view/photo/s_ratio_poster/public/p1808872109.jpg,2006
死亡诗社,9.0,美国,剧情,https://movie.douban.com/subject/1291548/,https://img3.doubanio.com/view/photo/s_ratio_poster/public/p1910824340.jpg,1989
两杆大烟枪,9.1,英国,剧情,https://movie.douban.com/subject/1293350/,https://img1.doubanio.com/view/photo/s_ratio_poster/public/p792443418.jpg,1998
飞越疯人院,9.1,美国,剧情,https://movie.douban.com/subject/1292224/,https://img1.doubanio.com/view/photo/s_ratio_poster/public/p792238287.jpg,1975
指环王2：双塔奇兵,9.0,美国,冒险,https://movie.douban.com/subject/1291572/,https://img3.doubanio.com/view/photo/s_ratio_poster/public/p909265336.jpg,2002
教父2,9.2,美国,犯罪,https://movie.douban.com/subject/1299131/,https://img1.doubanio.com/view/photo/s_ratio_poster/public/p2194138787.jpg,1974
指环王1：魔戒再现,9.0,新西兰,奇幻,https://movie.douban.com/subject/1291571/,https://img3.doubanio.com/view/photo/s_ratio_poster/public/p1354436051.jpg,2001
狮子王,9.0,美国,动画,https://movie.douban.com/subject/1301753/,https://img1.doubanio.com/view/photo/s_ratio_poster/public/p726659067.jpg,1994
V字仇杀队,8.9,美国,惊悚,https://movie.douban.com/subject/1309046/,https://img3.doubanio.com/view/photo/s_ratio_poster/public/p1465235231.jpg,2005
美丽心灵,9.0,美国,剧情,https://movie.douban.com/subject/1306029/,https://img3.doubanio.com/view/photo/s_ratio_poster/public/p1665997400.jpg,2001
饮食男女,9.1,台湾,家庭,https://movie.douban.com/subject/1291818/,https://img3.doubanio.com/view/photo/s_ratio_poster/public/p1910899751.jpg,1994
海豚湾,9.3,美国,纪录片,https://movie.douban.com/subject/3442220/,https://img1.doubanio.com/view/photo/s_ratio_poster/public/p2559579779.jpg,2009
情书,8.9,日本,爱情,https://movie.douban.com/subject/1292220/,https://img1.doubanio.com/view/photo/s_ratio_poster/public/p449897379.jpg,1995
何以为家,9.1,黎巴嫩,剧情,https://movie.douban.com/subject/30170448/,https://img1.doubanio.com/view/photo/s_ratio_poster/public/p2555295759.jpg,2018
钢琴家,9.1,法国,战争,https://movie.douban.com/subject/1296736/,https://img3.doubanio.com/view/photo/s_ratio_poster/public/p792484461.jpg,2002
大闹天宫,9.3,1964(中国大陆),1978(中国大陆),https://movie.douban.com/subject/1418019/,https://img1.doubanio.com/view/photo/s_ratio_poster/public/p2184505167.jpg,1961(中国大陆)
本杰明·巴顿奇事,8.9,美国,爱情,https://movie.douban.com/subject/1485260/,https://img3.doubanio.com/view/photo/s_ratio_poster/public/p2192535722.jpg,2008
哈利·波特与魔法石,8.9,美国,冒险,https://movie.douban.com/subject/1295038/,https://img3.doubanio.com/view/photo/s_ratio_poster/public/p804947166.jpg,2001
看不见的客人,8.8,西班牙,悬疑,https://movie.douban.com/subject/26580232/,https://img3.doubanio.com/view/photo/s_ratio_poster/public/p2498971355.jpg,2016
黑客帝国,8.9,美国,动作,https://movie.douban.com/subject/1291843/,https://img1.doubanio.com/view/photo/s_ratio_poster/public/p451926968.jpg,1999
西西里的美丽传说,8.8,意大利,剧情,https://movie.douban.com/subject/1292402/,https://img1.doubanio.com/view/photo/s_ratio_poster/public/p2441988159.jpg,2000
小鞋子,9.2,伊朗,儿童,https://movie.douban.com/subject/1303021/,https://img3.doubanio.com/view/photo/s_ratio_poster/public/p2173580536.jpg,1997
美国往事,9.2,意大利,剧情,https://movie.douban.com/subject/1292262/,https://img1.doubanio.com/view/photo/s_ratio_poster/public/p477229647.jpg,1984
拯救大兵瑞恩,9.0,美国,战争,https://movie.douban.com/subject/1292849/,https://img3.doubanio.com/view/photo/s_ratio_poster/public/p1014542496.jpg,1998
让子弹飞,8.8,中国大陆,喜剧,https://movie.douban.com/subject/3742360/,https://img1.doubanio.com/view/photo/s_ratio_poster/public/p1512562287.jpg,2010
音乐之声,9.0,美国,歌舞,https://movie.douban.com/subject/1294408/,https://img3.doubanio.com/view/photo/s_ratio_poster/public/p2189265302.jpg,1965
致命魔术,8.8,美国,剧情,https://movie.douban.com/subject/1780330/,https://img3.doubanio.com/view/photo/s_ratio_poster/public/p480383375.jpg,2006
猫鼠游戏,8.9,美国,犯罪,https://movie.douban.com/subject/1305487/,https://img3.doubanio.com/view/photo/s_ratio_poster/public/p453924541.jpg,2002
七宗罪,8.8,美国,犯罪,https://movie.douban.com/subject/1292223/,https://img3.doubanio.com/view/photo/s_ratio_poster/public/p457631605.jpg,1995
被嫌弃的松子的一生,8.9,日本,剧情,https://movie.douban.com/subject/1787291/,https://img3.doubanio.com/view/photo/s_ratio_poster/public/p884763596.jpg,2006
低俗小说,8.8,美国,剧情,https://movie.douban.com/subject/1291832/,https://img3.doubanio.com/view/photo/s_ratio_poster/public/p1910902213.jpg,1994
沉默的羔羊,8.8,美国,剧情,https://movie.douban.com/subject/1293544/,https://img1.doubanio.com/view/photo/s_ratio_poster/public/p1593414327.jpg,1991
蝴蝶效应,8.8,美国,剧情,https://movie.douban.com/subject/1292343/,https://img1.doubanio.com/view/photo/s_ratio_poster/public/p2209066019.jpg,2004
春光乍泄,8.9,香港,爱情,https://movie.douban.com/subject/1292679/,https://img3.doubanio.com/view/photo/s_ratio_poster/public/p465939041.jpg,1997
勇敢的心,8.9,美国,剧情,https://movie.douban.com/subject/1294639/,https://img3.doubanio.com/view/photo/s_ratio_poster/public/p1374546770.jpg,1995
天使爱美丽,8.7,法国,喜剧,https://movie.douban.com/subject/1292215/,https://img3.doubanio.com/view/photo/s_ratio_poster/public/p2447590313.jpg,2001
穿条纹睡衣的男孩,9.0,英国,剧情,https://movie.douban.com/subject/3008247/,https://img3.doubanio.com/view/photo/s_ratio_poster/public/p1473670352.jpg,2008
剪刀手爱德华,8.7,美国,剧情,https://movie.douban.com/subject/1292370/,https://img1.doubanio.com/view/photo/s_ratio_poster/public/p480956937.jpg,1990
心灵捕手,8.8,美国,剧情,https://movie.douban.com/subject/1292656/,https://img3.doubanio.com/view/photo/s_ratio_poster/public/p480965695.jpg,1997
禁闭岛,8.8,美国,悬疑,https://movie.douban.com/subject/2334904/,https://img1.doubanio.com/view/photo/s_ratio_poster/public/p1832875827.jpg,2010
布达佩斯大饭店,8.8,美国,剧情,https://movie.douban.com/subject/11525673/,https://img3.doubanio.com/view/photo/s_ratio_poster/public/p2178872593.jpg,2014
阿凡达,8.7,美国,科幻,https://movie.douban.com/subject/1652587/,https://img1.doubanio.com/view/photo/s_ratio_poster/public/p2180085848.jpg,2009
入殓师,8.8,日本,剧情,https://movie.douban.com/subject/2149806/,https://img1.doubanio.com/view/photo/s_ratio_poster/public/p594972928.jpg,2008
幽灵公主,8.9,日本,动画,https://movie.douban.com/subject/1297359/,https://img3.doubanio.com/view/photo/s_ratio_poster/public/p1613191025.jpg,1997
加勒比海盗,8.7,美国,动作,https://movie.douban.com/subject/1298070/,https://img3.doubanio.com/view/photo/s_ratio_poster/public/p1596085504.jpg,2003
摩登时代,9.3,美国,爱情,https://movie.douban.com/subject/1294371/,https://img3.doubanio.com/view/photo/s_ratio_poster/public/p2173707976.jpg,1936
致命ID,8.7,美国,剧情,https://movie.douban.com/subject/1297192/,https://img3.doubanio.com/view/photo/s_ratio_poster/public/p2558364386.jpg,2003
断背山,8.7,美国,家庭,https://movie.douban.com/subject/1418834/,https://img1.doubanio.com/view/photo/s_ratio_poster/public/p513535588.jpg,2005
阳光灿烂的日子,8.8,中国大陆,剧情,https://movie.douban.com/subject/1291875/,https://img3.doubanio.com/view/photo/s_ratio_poster/public/p2564685215.jpg,1994
重庆森林,8.7,香港,剧情,https://movie.douban.com/subject/1291999/,https://img3.doubanio.com/view/photo/s_ratio_poster/public/p792381411.jpg,1994
第六感,8.8,美国,悬疑,https://movie.douban.com/subject/1297630/,https://img3.doubanio.com/view/photo/s_ratio_poster/public/p2220184425.jpg,1999
狩猎,9.1,丹麦,剧情,https://movie.douban.com/subject/6985810/,https://img1.doubanio.com/view/photo/s_ratio_poster/public/p1546987967.jpg,2012
喜剧之王,8.7,香港,剧情,https://movie.douban.com/subject/1302425/,https://img3.doubanio.com/view/photo/s_ratio_poster/public/p1043597424.jpg,1999
玛丽和马克思,8.9,澳大利亚,动画,https://movie.douban.com/subject/3072124/,https://img1.doubanio.com/view/photo/s_ratio_poster/public/p1820615077.jpg,2009
消失的爱人,8.7,美国,惊悚,https://movie.douban.com/subject/21318488/,https://img3.doubanio.com/view/photo/s_ratio_poster/public/p2221768894.jpg,2014
告白,8.7,日本,惊悚,https://movie.douban.com/subject/4268598/,https://img3.doubanio.com/view/photo/s_ratio_poster/public/p689520756.jpg,2010
小森林 夏秋篇,9.0,日本,剧情,https://movie.douban.com/subject/25814705/,https://img3.doubanio.com/view/photo/s_ratio_poster/public/p2564498893.jpg,2014
大鱼,8.8,美国,奇幻,https://movie.douban.com/subject/1291545/,https://img3.doubanio.com/view/photo/s_ratio_poster/public/p692813374.jpg,2003
一一,9.0,台湾,爱情,https://movie.douban.com/subject/1292434/,https://img1.doubanio.com/view/photo/s_ratio_poster/public/p2119675128.jpg,2000
阳光姐妹淘,8.8,韩国,喜剧,https://movie.douban.com/subject/4917726/,https://img1.doubanio.com/view/photo/s_ratio_poster/public/p1374786017.jpg,2011
爱在黎明破晓前,8.8,美国,爱情,https://movie.douban.com/subject/1296339/,https://img3.doubanio.com/view/photo/s_ratio_poster/public/p2555762374.jpg,1995
请以你的名字呼唤我,8.8,意大利,同性,https://movie.douban.com/subject/26799731/,https://img3.doubanio.com/view/photo/s_ratio_poster/public/p2505525050.jpg,2017
射雕英雄传之东成西就,8.7,香港,古装,https://movie.douban.com/subject/1316510/,https://img1.doubanio.com/view/photo/s_ratio_poster/public/p2535922598.jpg,1993
甜蜜蜜,8.8,香港,爱情,https://movie.douban.com/subject/1305164/,https://img3.doubanio.com/view/photo/s_ratio_poster/public/p1962839732.jpg,1996
侧耳倾听,8.9,日本,剧情,https://movie.douban.com/subject/1297052/,https://img3.doubanio.com/view/photo/s_ratio_poster/public/p456692072.jpg,1995
红辣椒,8.9,日本,惊悚,https://movie.douban.com/subject/1865703/,https://img3.doubanio.com/view/photo/s_ratio_poster/public/p672363704.jpg,2006
驯龙高手,8.7,美国,动画,https://movie.douban.com/subject/2353023/,https://img3.doubanio.com/view/photo/s_ratio_poster/public/p2210954024.jpg,2010
倩女幽魂,8.7,香港,奇幻,https://movie.douban.com/subject/1297447/,https://img3.doubanio.com/view/photo/s_ratio_poster/public/p2414157745.jpg,1987
超脱,8.8,美国,剧情,https://movie.douban.com/subject/5322596/,https://img3.doubanio.com/view/photo/s_ratio_poster/public/p1305562621.jpg,2011
杀人回忆,8.8,韩国,悬疑,https://movie.douban.com/subject/1300299/,https://img1.doubanio.com/view/photo/s_ratio_poster/public/p480225538.jpg,2003
海蒂和爷爷,9.1,德国,家庭,https://movie.douban.com/subject/25958717/,https://img3.doubanio.com/view/photo/s_ratio_poster/public/p2554525534.jpg,2015
恐怖直播,8.8,韩国,悬疑,https://movie.douban.com/subject/21360417/,https://img3.doubanio.com/view/photo/s_ratio_poster/public/p2016930906.jpg,2013
菊次郎的夏天,8.8,日本,剧情,https://movie.douban.com/subject/1293359/,https://img3.doubanio.com/view/photo/s_ratio_poster/public/p751835224.jpg,1999
爱在日落黄昏时,8.8,美国,剧情,https://movie.douban.com/subject/1291990/,https://img3.doubanio.com/view/photo/s_ratio_poster/public/p1910924221.jpg,2004
7号房的礼物,8.8,韩国,剧情,https://movie.douban.com/subject/10777687/,https://img3.doubanio.com/view/photo/s_ratio_poster/public/p1816276065.jpg,2013
小森林 冬春篇,9.0,日本,剧情,https://movie.douban.com/subject/25814707/,https://img1.doubanio.com/view/photo/s_ratio_poster/public/p2215147728.jpg,2015
风之谷,8.8,日本,动画,https://movie.douban.com/subject/1291585/,https://img3.doubanio.com/view/photo/s_ratio_poster/public/p1917567652.jpg,1984
哈利·波特与死亡圣器(下),8.7,美国,悬疑,https://movie.douban.com/subject/3011235/,https://img3.doubanio.com/view/photo/s_ratio_poster/public/p917846733.jpg,2011
我不是药神,9.0,中国大陆,剧情,https://movie.douban.com/subject/26752088/,https://img3.doubanio.com/view/photo/s_ratio_poster/public/p2561305376.jpg,2018
幸福终点站,8.7,美国,喜剧,https://movie.douban.com/subject/1292274/,https://img1.doubanio.com/view/photo/s_ratio_poster/public/p854757687.jpg,2004
蝙蝠侠：黑暗骑士崛起,8.7,美国,惊悚,https://movie.douban.com/subject/3395373/,https://img3.doubanio.com/view/photo/s_ratio_poster/public/p1706428744.jpg,2012
上帝之城,8.9,巴西,剧情,https://movie.douban.com/subject/1292208/,https://img3.doubanio.com/view/photo/s_ratio_poster/public/p455677490.jpg,2002
萤火之森,8.8,日本,爱情,https://movie.douban.com/subject/5989818/,https://img1.doubanio.com/view/photo/s_ratio_poster/public/p1272904657.jpg,2011
借东西的小人阿莉埃蒂,8.8,日本,动画,https://movie.douban.com/subject/4202302/,https://img3.doubanio.com/view/photo/s_ratio_poster/public/p617533616.jpg,2010
超能陆战队,8.6,美国,冒险,https://movie.douban.com/subject/11026735/,https://img1.doubanio.com/view/photo/s_ratio_poster/public/p2224568669.jpg,2014
唐伯虎点秋香,8.5,香港,爱情,https://movie.douban.com/subject/1306249/,https://img3.doubanio.com/view/photo/s_ratio_poster/public/p1946455272.jpg,1993
神偷奶爸,8.5,美国,喜剧,https://movie.douban.com/subject/3287562/,https://img1.doubanio.com/view/photo/s_ratio_poster/public/p792776858.jpg,2010
无人知晓,9.1,日本,剧情,https://movie.douban.com/subject/1292337/,https://img3.doubanio.com/view/photo/s_ratio_poster/public/p661160053.jpg,2004
怪兽电力公司,8.7,美国,冒险,https://movie.douban.com/subject/1291579/,https://img1.doubanio.com/view/photo/s_ratio_poster/public/p2513247938.jpg,2001
电锯惊魂,8.7,美国,悬疑,https://movie.douban.com/subject/1417598/,https://img3.doubanio.com/view/photo/s_ratio_poster/public/p2565332644.jpg,2004
岁月神偷,8.7,香港,家庭,https://movie.douban.com/subject/3792799/,https://img3.doubanio.com/view/photo/s_ratio_poster/public/p456666151.jpg,2010
玩具总动员3,8.8,美国,冒险,https://movie.douban.com/subject/1858711/,https://img1.doubanio.com/view/photo/s_ratio_poster/public/p1283675359.jpg,2010
血战钢锯岭,8.7,美国,传记,https://movie.douban.com/subject/26325320/,https://img1.doubanio.com/view/photo/s_ratio_poster/public/p2398141939.jpg,2016
谍影重重3,8.8,美国,悬疑,https://movie.douban.com/subject/1578507/,https://img1.doubanio.com/view/photo/s_ratio_poster/public/p792223507.jpg,2007
疯狂原始人,8.7,美国,动画,https://movie.douban.com/subject/1907966/,https://img1.doubanio.com/view/photo/s_ratio_poster/public/p1867084027.jpg,2013
七武士,9.2,日本,剧情,https://movie.douban.com/subject/1295399/,https://img3.doubanio.com/view/photo/s_ratio_poster/public/p647099823.jpg,1954
英雄本色,8.7,香港,犯罪,https://movie.douban.com/subject/1297574/,https://img1.doubanio.com/view/photo/s_ratio_poster/public/p2504997087.jpg,1986
喜宴,8.9,台湾,家庭,https://movie.douban.com/subject/1303037/,https://img3.doubanio.com/view/photo/s_ratio_poster/public/p2173713676.jpg,1993
真爱至上,8.6,英国,喜剧,https://movie.douban.com/subject/1292401/,https://img3.doubanio.com/view/photo/s_ratio_poster/public/p475600770.jpg,2003
萤火虫之墓,8.7,日本,战争,https://movie.douban.com/subject/1293318/,https://img1.doubanio.com/view/photo/s_ratio_poster/public/p1157334208.jpg,1988
东邪西毒,8.6,香港,爱情,https://movie.douban.com/subject/1292328/,https://img3.doubanio.com/view/photo/s_ratio_poster/public/p1982176012.jpg,1994
傲慢与偏见,8.5,法国,爱情,https://movie.douban.com/subject/1418200/,https://img3.doubanio.com/view/photo/s_ratio_poster/public/p452005185.jpg,2005
时空恋旅人,8.7,英国,奇幻,https://movie.douban.com/subject/10577869/,https://img3.doubanio.com/view/photo/s_ratio_poster/public/p2070153774.jpg,2013
贫民窟的百万富翁,8.6,英国,剧情,https://movie.douban.com/subject/2209573/,https://img3.doubanio.com/view/photo/s_ratio_poster/public/p2434249040.jpg,2008
黑天鹅,8.5,美国,惊悚,https://movie.douban.com/subject/1978709/,https://img3.doubanio.com/view/photo/s_ratio_poster/public/p2549648344.jpg,2010
记忆碎片,8.6,美国,剧情,https://movie.douban.com/subject/1304447/,https://img3.doubanio.com/view/photo/s_ratio_poster/public/p641688453.jpg,2000
心迷宫,8.7,中国大陆,剧情,https://movie.douban.com/subject/25917973/,https://img3.doubanio.com/view/photo/s_ratio_poster/public/p2276780256.jpg,2014
纵横四海,8.8,香港,犯罪,https://movie.douban.com/subject/1295409/,https://img3.doubanio.com/view/photo/s_ratio_poster/public/p2272146906.jpg,1991
教父3,8.8,美国,剧情,https://movie.douban.com/subject/1294240/,https://img3.doubanio.com/view/photo/s_ratio_poster/public/p2169664351.jpg,1990
荒蛮故事,8.8,阿根廷,喜剧,https://movie.douban.com/subject/24750126/,https://img3.doubanio.com/view/photo/s_ratio_poster/public/p2192834364.jpg,2014
完美的世界,9.1,美国,剧情,https://movie.douban.com/subject/1300992/,https://img1.doubanio.com/view/photo/s_ratio_poster/public/p2190556408.jpg,1993
达拉斯买家俱乐部,8.7,美国,同性,https://movie.douban.com/subject/1793929/,https://img1.doubanio.com/view/photo/s_ratio_poster/public/p2166160837.jpg,2013
雨人,8.7,美国,剧情,https://movie.douban.com/subject/1291870/,https://img3.doubanio.com/view/photo/s_ratio_poster/public/p942376281.jpg,1988
三块广告牌,8.7,美国,犯罪,https://movie.douban.com/subject/26611804/,https://img1.doubanio.com/view/photo/s_ratio_poster/public/p2510081688.jpg,2017
花样年华,8.6,香港,爱情,https://movie.douban.com/subject/1291557/,https://img3.doubanio.com/view/photo/s_ratio_poster/public/p1910828286.jpg,2000
被解救的姜戈,8.7,美国,西部,https://movie.douban.com/subject/6307447/,https://img1.doubanio.com/view/photo/s_ratio_poster/public/p1959232369.jpg,2012
卢旺达饭店,8.9,英国,剧情,https://movie.douban.com/subject/1291822/,https://img3.doubanio.com/view/photo/s_ratio_poster/public/p2159368352.jpg,2004
你的名字。,8.4,日本,剧情,https://movie.douban.com/subject/26683290/,https://img1.doubanio.com/view/photo/s_ratio_poster/public/p2395733377.jpg,2016
海边的曼彻斯特,8.6,美国,剧情,https://movie.douban.com/subject/25980443/,https://img1.doubanio.com/view/photo/s_ratio_poster/public/p2496940327.jpg,2016
我是山姆,8.9,美国,剧情,https://movie.douban.com/subject/1306861/,https://img3.doubanio.com/view/photo/s_ratio_poster/public/p652417775.jpg,2001
头脑特工队,8.7,美国,动画,https://movie.douban.com/subject/10533913/,https://img3.doubanio.com/view/photo/s_ratio_poster/public/p2266293606.jpg,2015
你看起来好像很好吃,8.8,日本,儿童,https://movie.douban.com/subject/4848115/,https://img1.doubanio.com/view/photo/s_ratio_poster/public/p2554167519.jpg,2010
恋恋笔记本,8.5,美国,爱情,https://movie.douban.com/subject/1309163/,https://img3.doubanio.com/view/photo/s_ratio_poster/public/p483604864.jpg,2004
哪吒闹海,9.0,中国大陆,动画,https://movie.douban.com/subject/1307315/,https://img3.doubanio.com/view/photo/s_ratio_poster/public/p2516566783.jpg,1979
无敌破坏王,8.7,美国,冒险,https://movie.douban.com/subject/6534248/,https://img3.doubanio.com/view/photo/s_ratio_poster/public/p1735642656.jpg,2012
虎口脱险,8.9,法国,战争,https://movie.douban.com/subject/1296909/,https://img3.doubanio.com/view/photo/s_ratio_poster/public/p2399597512.jpg,1966
冰川时代,8.5,美国,动画,https://movie.douban.com/subject/1291578/,https://img1.doubanio.com/view/photo/s_ratio_poster/public/p1910895719.jpg,2002
二十二,8.7,中国大陆,纪录片,https://movie.douban.com/subject/26430107/,https://img1.doubanio.com/view/photo/s_ratio_poster/public/p2457609817.jpg,2015
海洋,9.0,法国,纪录片,https://movie.douban.com/subject/3443389/,https://img3.doubanio.com/view/photo/s_ratio_poster/public/p2559581324.jpg,2009
雨中曲,9.0,美国,歌舞,https://movie.douban.com/subject/1293460/,https://img3.doubanio.com/view/photo/s_ratio_poster/public/p1612355875.jpg,1952
爆裂鼓手,8.7,美国,音乐,https://movie.douban.com/subject/25773932/,https://img3.doubanio.com/view/photo/s_ratio_poster/public/p2220776342.jpg,2014
未麻的部屋,8.9,日本,惊悚,https://movie.douban.com/subject/1395091/,https://img3.doubanio.com/view/photo/s_ratio_poster/public/p1351050722.jpg,1997
模仿游戏,8.6,英国,同性,https://movie.douban.com/subject/10463953/,https://img3.doubanio.com/view/photo/s_ratio_poster/public/p2255040492.jpg,2014
一个叫欧维的男人决定去死,8.8,瑞典,剧情,https://movie.douban.com/subject/26628357/,https://img3.doubanio.com/view/photo/s_ratio_poster/public/p2406624993.jpg,2015
忠犬八公物语,9.1,日本,剧情,https://movie.douban.com/subject/1959195/,https://img3.doubanio.com/view/photo/s_ratio_poster/public/p1576418852.jpg,1987
燃情岁月,8.8,美国,剧情,https://movie.douban.com/subject/1295865/,https://img1.doubanio.com/view/photo/s_ratio_poster/public/p1023654037.jpg,1994
人工智能,8.6,美国,剧情,https://movie.douban.com/subject/1302827/,https://img1.doubanio.com/view/photo/s_ratio_poster/public/p792257137.jpg,2001
魔女宅急便,8.6,日本,奇幻,https://movie.douban.com/subject/1307811/,https://img3.doubanio.com/view/photo/s_ratio_poster/public/p456676352.jpg,1989
房间,8.8,爱尔兰,家庭,https://movie.douban.com/subject/25724855/,https://img3.doubanio.com/view/photo/s_ratio_poster/public/p2259715855.jpg,2015
穿越时空的少女,8.6,日本,剧情,https://movie.douban.com/subject/1937946/,https://img3.doubanio.com/view/photo/s_ratio_poster/public/p2079334286.jpg,2006
天书奇谭,9.1,2019(中国大陆重映),中国大陆,https://movie.douban.com/subject/1428581/,https://img1.doubanio.com/view/photo/s_ratio_poster/public/p2515539487.jpg,1983(中国大陆)
恐怖游轮,8.4,英国,惊悚,https://movie.douban.com/subject/3011051/,https://img3.doubanio.com/view/photo/s_ratio_poster/public/p462470694.jpg,2009
魂断蓝桥,8.8,美国,剧情,https://movie.douban.com/subject/1293964/,https://img1.doubanio.com/view/photo/s_ratio_poster/public/p2351134499.jpg,1940
黑客帝国3：矩阵革命,8.7,美国,动作,https://movie.douban.com/subject/1302467/,https://img1.doubanio.com/view/photo/s_ratio_poster/public/p443461818.jpg,2003
海街日记,8.7,日本,剧情,https://movie.douban.com/subject/25895901/,https://img1.doubanio.com/view/photo/s_ratio_poster/public/p2232247487.jpg,2015
猜火车,8.5,英国,犯罪,https://movie.douban.com/subject/1292528/,https://img1.doubanio.com/view/photo/s_ratio_poster/public/p513567548.jpg,1996
罗生门,8.8,日本,剧情,https://movie.douban.com/subject/1291879/,https://img1.doubanio.com/view/photo/s_ratio_poster/public/p2564689879.jpg,1950
完美陌生人,8.5,意大利,喜剧,https://movie.douban.com/subject/26614893/,https://img3.doubanio.com/view/photo/s_ratio_poster/public/p2522331945.jpg,2016
阿飞正传,8.5,香港,剧情,https://movie.douban.com/subject/1305690/,https://img3.doubanio.com/view/photo/s_ratio_poster/public/p2525770523.jpg,1990
头号玩家,8.7,美国,动作,https://movie.douban.com/subject/4920389/,https://img1.doubanio.com/view/photo/s_ratio_poster/public/p2516578307.jpg,2018
香水,8.5,德国,犯罪,https://movie.douban.com/subject/1760622/,https://img1.doubanio.com/view/photo/s_ratio_poster/public/p470006658.jpg,2006
功夫,8.4,中国大陆,动作,https://movie.douban.com/subject/1291543/,https://img1.doubanio.com/view/photo/s_ratio_poster/public/p2219011938.jpg,2004
可可西里,8.7,中国大陆,犯罪,https://movie.douban.com/subject/1308857/,https://img3.doubanio.com/view/photo/s_ratio_poster/public/p2414771522.jpg,2004
朗读者,8.5,美国,爱情,https://movie.douban.com/subject/2213597/,https://img1.doubanio.com/view/photo/s_ratio_poster/public/p1140984198.jpg,2008
谍影重重2,8.6,美国,惊悚,https://movie.douban.com/subject/1308767/,https://img3.doubanio.com/view/photo/s_ratio_poster/public/p667644866.jpg,2004
浪潮,8.7,德国,剧情,https://movie.douban.com/subject/2297265/,https://img3.doubanio.com/view/photo/s_ratio_poster/public/p1344888983.jpg,2008
牯岭街少年杀人事件,8.8,台湾,犯罪,https://movie.douban.com/subject/1292329/,https://img3.doubanio.com/view/photo/s_ratio_poster/public/p848381236.jpg,1991
谍影重重,8.6,美国,惊悚,https://movie.douban.com/subject/1304102/,https://img3.doubanio.com/view/photo/s_ratio_poster/public/p1597183981.jpg,2002
战争之王,8.6,美国,剧情,https://movie.douban.com/subject/1419936/,https://img3.doubanio.com/view/photo/s_ratio_poster/public/p792282381.jpg,2005
地球上的星星,8.9,印度,剧情,https://movie.douban.com/subject/2363506/,https://img3.doubanio.com/view/photo/s_ratio_poster/public/p1973489335.jpg,2007
疯狂的石头,8.4,中国大陆,喜剧,https://movie.douban.com/subject/1862151/,https://img3.doubanio.com/view/photo/s_ratio_poster/public/p712241453.jpg,2006
初恋这件小事,8.3,泰国,爱情,https://movie.douban.com/subject/4739952/,https://img3.doubanio.com/view/photo/s_ratio_poster/public/p1505312273.jpg,2010
青蛇,8.5,香港,奇幻,https://movie.douban.com/subject/1303394/,https://img3.doubanio.com/view/photo/s_ratio_poster/public/p584021784.jpg,1993
惊魂记,8.9,美国,恐怖,https://movie.douban.com/subject/1293181/,https://img3.doubanio.com/view/photo/s_ratio_poster/public/p1021883305.jpg,1960
终结者2：审判日,8.6,美国,科幻,https://movie.douban.com/subject/1291844/,https://img3.doubanio.com/view/photo/s_ratio_poster/public/p1910909085.jpg,1991
源代码,8.4,美国,科幻,https://movie.douban.com/subject/3075287/,https://img3.doubanio.com/view/photo/s_ratio_poster/public/p988260245.jpg,2011
爱在午夜降临前,8.8,美国,爱情,https://movie.douban.com/subject/10808442/,https://img1.doubanio.com/view/photo/s_ratio_poster/public/p2074715729.jpg,2013
步履不停,8.8,日本,剧情,https://movie.douban.com/subject/2222996/,https://img3.doubanio.com/view/photo/s_ratio_poster/public/p2561539680.jpg,2008
新龙门客栈,8.5,香港,武侠,https://movie.douban.com/subject/1292287/,https://img1.doubanio.com/view/photo/s_ratio_poster/public/p1421018669.jpg,1992
奇迹男孩,8.6,美国,儿童,https://movie.douban.com/subject/26787574/,https://img1.doubanio.com/view/photo/s_ratio_poster/public/p2507709428.jpg,2017
小萝莉的猴神大叔,8.5,印度,喜剧,https://movie.douban.com/subject/26393561/,https://img3.doubanio.com/view/photo/s_ratio_poster/public/p2510956726.jpg,2015
追随,8.9,英国,惊悚,https://movie.douban.com/subject/1397546/,https://img3.doubanio.com/view/photo/s_ratio_poster/public/p2074443514.jpg,1998
一次别离,8.7,伊朗,剧情,https://movie.douban.com/subject/5964718/,https://img3.doubanio.com/view/photo/s_ratio_poster/public/p2189835254.jpg,2011
无耻混蛋,8.5,美国,剧情,https://movie.douban.com/subject/1438652/,https://img3.doubanio.com/view/photo/s_ratio_poster/public/p770734475.jpg,2009
再次出发之纽约遇见你,8.5,美国,音乐,https://movie.douban.com/subject/6874403/,https://img3.doubanio.com/view/photo/s_ratio_poster/public/p2250287733.jpg,2013
釜山行,8.4,韩国,灾难,https://movie.douban.com/subject/25986180/,https://img1.doubanio.com/view/photo/s_ratio_poster/public/p2360940399.jpg,2016
血钻,8.6,美国,惊悚,https://movie.douban.com/subject/1428175/,https://img3.doubanio.com/view/photo/s_ratio_poster/public/p1244017073.jpg,2006
东京物语,9.2,日本,家庭,https://movie.douban.com/subject/1291568/,https://img3.doubanio.com/view/photo/s_ratio_poster/public/p1925331564.jpg,1953
撞车,8.6,美国,剧情,https://movie.douban.com/subject/1388216/,https://img3.doubanio.com/view/photo/s_ratio_poster/public/p2075132390.jpg,2004
彗星来的那一夜,8.5,美国,科幻,https://movie.douban.com/subject/25807345/,https://img3.doubanio.com/view/photo/s_ratio_poster/public/p2187896734.jpg,2013
城市之光,9.3,美国,爱情,https://movie.douban.com/subject/1293908/,https://img1.doubanio.com/view/photo/s_ratio_poster/public/p2170238828.jpg,1931
2001太空漫游,8.7,英国,科幻,https://movie.douban.com/subject/1292226/,https://img3.doubanio.com/view/photo/s_ratio_poster/public/p2500694952.jpg,1968
梦之安魂曲,8.7,美国,剧情,https://movie.douban.com/subject/1292270/,https://img3.doubanio.com/view/photo/s_ratio_poster/public/p884936202.jpg,2000
新世界,8.7,韩国,犯罪,https://movie.douban.com/subject/10437779/,https://img1.doubanio.com/view/photo/s_ratio_poster/public/p2507503568.jpg,2013
绿里奇迹,8.7,美国,犯罪,https://movie.douban.com/subject/1300374/,https://img3.doubanio.com/view/photo/s_ratio_poster/public/p767586451.jpg,1999
疯狂的麦克斯4：狂暴之路,8.6,澳大利亚,科幻,https://movie.douban.com/subject/3592854/,https://img3.doubanio.com/view/photo/s_ratio_poster/public/p2236181653.jpg,2015
聚焦,8.8,美国,剧情,https://movie.douban.com/subject/25954475/,https://img1.doubanio.com/view/photo/s_ratio_poster/public/p2263822658.jpg,2015
E.T. 外星人,8.5,美国,剧情,https://movie.douban.com/subject/1294638/,https://img3.doubanio.com/view/photo/s_ratio_poster/public/p984732992.jpg,1982
这个男人来自地球,8.5,美国,科幻,https://movie.douban.com/subject/2300586/,https://img3.doubanio.com/view/photo/s_ratio_poster/public/p513303986.jpg,2007
末路狂花,8.7,美国,犯罪,https://movie.douban.com/subject/1291992/,https://img3.doubanio.com/view/photo/s_ratio_poster/public/p794583044.jpg,1991
黑鹰坠落,8.6,美国,动作,https://movie.douban.com/subject/1291824/,https://img3.doubanio.com/view/photo/s_ratio_poster/public/p1910900710.jpg,2001
发条橙,8.5,英国,剧情,https://movie.douban.com/subject/1292233/,https://img3.doubanio.com/view/photo/s_ratio_poster/public/p529908155.jpg,1971
遗愿清单,8.6,美国,喜剧,https://movie.douban.com/subject/1867345/,https://img3.doubanio.com/view/photo/s_ratio_poster/public/p708613284.jpg,2007
变脸,8.4,美国,惊悚,https://movie.douban.com/subject/1292659/,https://img3.doubanio.com/view/photo/s_ratio_poster/public/p2173855883.jpg,1997
勇闯夺命岛,8.6,美国,冒险,https://movie.douban.com/subject/1292728/,https://img3.doubanio.com/view/photo/s_ratio_poster/public/p636048104.jpg,1996
国王的演讲,8.4,英国,历史,https://movie.douban.com/subject/4023638/,https://img1.doubanio.com/view/photo/s_ratio_poster/public/p768879237.jpg,2010
我爱你,9.0,韩国,爱情,https://movie.douban.com/subject/5908478/,https://img1.doubanio.com/view/photo/s_ratio_poster/public/p1075591188.jpg,2011
黄金三镖客,9.1,意大利,西部,https://movie.douban.com/subject/1401118/,https://img1.doubanio.com/view/photo/s_ratio_poster/public/p2101693489.jpg,1966
千钧一发,8.7,美国,科幻,https://movie.douban.com/subject/1300117/,https://img3.doubanio.com/view/photo/s_ratio_poster/public/p2195672555.jpg,1997
非常嫌疑犯,8.6,德国,犯罪,https://movie.douban.com/subject/1292214/,https://img3.doubanio.com/view/photo/s_ratio_poster/public/p2537319495.jpg,1995
秒速5厘米,8.3,日本,剧情,https://movie.douban.com/subject/2043546/,https://img3.doubanio.com/view/photo/s_ratio_poster/public/p982896012.jpg,2007
驴得水,8.3,中国大陆,喜剧,https://movie.douban.com/subject/25921812/,https://img3.doubanio.com/view/photo/s_ratio_poster/public/p2393044761.jpg,2016
卡萨布兰卡,8.6,美国,爱情,https://movie.douban.com/subject/1296753/,https://img3.doubanio.com/view/photo/s_ratio_poster/public/p2247003945.jpg,1942
四个春天,8.9,中国大陆,家庭,https://movie.douban.com/subject/27191492/,https://img1.doubanio.com/view/photo/s_ratio_poster/public/p2540578887.jpg,2017
