社群名,微信群名,当前群主,消息日期,消息时间,发言人微信昵称,发言文本内容
正式学员群-数据分析,【老孟班】5.24数据分析入门试学,Francis,2018/5/22 0:00:00,18:06:19,Udacity-Celia,"Hi 大家好，

欢迎大家加入数据分析（入门）7天试学班，至此，我们全部的同学都齐啦～
欢迎我们的助教——孟繁春大大！！
希望同学们修改一下群名片，方便助教和班主任联系你，还可以结交志同道合的同学哟～
格式：【姓名+所在地】
希望大家度过收获满满的七天～"
正式学员群-数据分析,【老孟班】5.24数据分析入门试学,Francis,2018/5/22 0:00:00,18:06:35,Udacity-Celia,@Francis 这位是助教大大[愉快]
正式学员群-数据分析,【老孟班】5.24数据分析入门试学,Francis,2018/5/22 0:00:00,18:07:40,💍＇徐徐徐雯佳,??
正式学员群-数据分析,【老孟班】5.24数据分析入门试学,Francis,2018/5/22 0:00:00,18:22:20,Francis,大家好，班主任太给力了，这么快就把人都抓来了[机智]
正式学员群-数据分析,【老孟班】5.24数据分析入门试学,Francis,2018/5/22 0:00:00,18:24:31,鲍小栋Ben,[奸笑]毕竟这么好的课程，同学们也是很积极呀哈哈哈
正式学员群-数据分析,【老孟班】5.24数据分析入门试学,Francis,2018/5/22 0:00:00,18:25:29,Francis,明天开始，你们就归我了，不努力可是很惨的[悠闲]哈哈哈哈～
正式学员群-数据分析,【老孟班】5.24数据分析入门试学,Francis,2018/5/22 0:00:00,18:26:37,鲍小栋Ben,哈哈哈哈get[奸笑]
正式学员群-数据分析,【老孟班】5.24数据分析入门试学,Francis,2018/5/22 0:00:00,18:26:51,Udacity-Celia,没抓来的还去了电话call[奸笑]
正式学员群-数据分析,【老孟班】5.24数据分析入门试学,Francis,2018/5/22 0:00:00,18:39:33,登山看景,我是菜鸟一只，请做好心理准备。[憨笑][呲牙]
正式学员群-数据分析,【老孟班】5.24数据分析入门试学,Francis,2018/5/22 0:00:00,18:40:10,💍＇徐徐徐雯佳,同菜鸟小学生??
正式学员群-数据分析,【老孟班】5.24数据分析入门试学,Francis,2018/5/22 0:00:00,18:45:28,Jester,统计学已经还给老师了，应该也算小学生[调皮][调皮]
正式学员群-数据分析,【老孟班】5.24数据分析入门试学,Francis,2018/5/22 0:00:00,20:03:45,Udacity-Celia,@所有人，大家把classin注册好之后，记得把注册手机号告诉我哦[愉快]这样我才能把大家添加到公开课的名单里
正式学员群-数据分析,【老孟班】5.24数据分析入门试学,Francis,2018/5/22 0:00:00,21:29:16,Francis,同学们好，刚才我加了大家微信。有的同学需要验证，请大家看一下。这样明后天就可以方便交流了[阴险]。
正式学员群-数据分析,【老孟班】5.24数据分析入门试学,Francis,2018/5/22 0:00:00,21:29:25,鲍小栋Ben,ok
正式学员群-数据分析,【老孟班】5.24数据分析入门试学,Francis,2018/5/22 0:00:00,21:29:32,甲乙,OK
正式学员群-数据分析,【老孟班】5.24数据分析入门试学,Francis,2018/5/22 0:00:00,21:30:23,Francis,@冰凌?冰凌同学，你微信设置的是不允许通过群组加好友，请加我。
正式学员群-数据分析,【老孟班】5.24数据分析入门试学,Francis,2018/5/22 0:00:00,22:27:07,Francis,大家晚上好，我已经加了大家微信，有问题随时联系我，希望明天开始我们拼搏7天，做完自己第一个数据分析项目[悠闲]
正式学员群-数据分析,【老孟班】5.24数据分析入门试学,Francis,2018/5/22 0:00:00,22:27:41,Francis,大家早点休息，明天7:00见，加油??
正式学员群-数据分析,【老孟班】5.24数据分析入门试学,Francis,2018/5/22 0:00:00,22:29:51,Francis,@乔永 广州?乔同学，你还没有通过我的申请，我等着[愉快][困][发呆]
正式学员群-数据分析,【老孟班】5.24数据分析入门试学,Francis,2018/5/22 0:00:00,22:31:32,Uda-Beauty,他可能在加班??
正式学员群-数据分析,【老孟班】5.24数据分析入门试学,Francis,2018/5/22 0:00:00,22:31:43,Uda-Beauty,@助教-老孟?助教大大辛苦啦～
正式学员群-数据分析,【老孟班】5.24数据分析入门试学,Francis,2018/5/22 0:00:00,22:34:58,Francis,我开玩笑的[阴险]@乔永 广州?有问题大家随时联系，一起褥Uda羊毛[调皮]
正式学员群-数据分析,【老孟班】5.24数据分析入门试学,Francis,2018/5/22 0:00:00,22:35:25,Francis,说漏嘴了，总之机会难得，大家加油[得意]
正式学员群-数据分析,【老孟班】5.24数据分析入门试学,Francis,2018/5/23 0:00:00,09:47:35,Udacity-Celia,@所有人，今天晚上七点钟就是开班仪式啦[愉快]期待与大家见面～请还没注册好classin的同学抓紧注册一下，并告知Celia你的注册手机号[太阳]
正式学员群-数据分析,【老孟班】5.24数据分析入门试学,Francis,2018/5/23 0:00:00,09:48:08,Udacity-Celia,"另外，请同学们仔细阅读邮件附录《学员手册》和《工具手册》（如果没有收到maybe在垃圾箱里??），Classin是一个视频沟通软件，将用于开班仪式和公开课，下载地址https://www.eeo.cn/download.html。

另外，未填写学籍表的同学请点击链接https://www.diaochapai.com/survey2796786，谢谢！"
正式学员群-数据分析,【老孟班】5.24数据分析入门试学,Francis,2018/5/23 0:00:00,10:01:49,Francis,大家早上好。估计好多人都忙着干完今天的任务呢吧？加油，咱们晚上7:00见[悠闲]
正式学员群-数据分析,【老孟班】5.24数据分析入门试学,Francis,2018/5/23 0:00:00,10:11:16,苏 南,是在ClassIn 上对吗
正式学员群-数据分析,【老孟班】5.24数据分析入门试学,Francis,2018/5/23 0:00:00,10:12:06,Francis,对的，需要先安装下，实在不方便电脑的，手机也有程序。
正式学员群-数据分析,【老孟班】5.24数据分析入门试学,Francis,2018/5/23 0:00:00,10:54:08,Udacity-Celia,@乔永 广州 请加一下助教哦，好像你设置了权限，他不能加你@助教-老孟
正式学员群-数据分析,【老孟班】5.24数据分析入门试学,Francis,2018/5/23 0:00:00,10:59:04,Francis,@乔永 广州?班主任要发飙了请快加我[阴险]
正式学员群-数据分析,【老孟班】5.24数据分析入门试学,Francis,2018/5/23 0:00:00,11:00:06,Udacity-Celia,我很温油的[害羞]
正式学员群-数据分析,【老孟班】5.24数据分析入门试学,Francis,2018/5/23 0:00:00,11:11:42,十年后的我,加啦哈哈
正式学员群-数据分析,【老孟班】5.24数据分析入门试学,Francis,2018/5/23 0:00:00,11:11:56,十年后的我,不好意思之前没看到[捂脸]@Francis
正式学员群-数据分析,【老孟班】5.24数据分析入门试学,Francis,2018/5/23 0:00:00,11:51:57,登山看景,我们今天开课是七点，时长多久？@助教-老孟
正式学员群-数据分析,【老孟班】5.24数据分析入门试学,Francis,2018/5/23 0:00:00,11:52:56,Udacity-Celia,一小时以内
正式学员群-数据分析,【老孟班】5.24数据分析入门试学,Francis,2018/5/23 0:00:00,11:53:19,登山看景,好的。谢谢。
正式学员群-数据分析,【老孟班】5.24数据分析入门试学,Francis,2018/5/23 0:00:00,11:55:42,Francis,对的，怕时间长了大家比较辛苦。有问题可以继续群里聊。请大家安排好时间[抱拳]
正式学员群-数据分析,【老孟班】5.24数据分析入门试学,Francis,2018/5/23 0:00:00,16:13:30,Udacity-Celia,@所有人，给到我注册手机号的同学，已经成功把大家加入classin啦（classin会自动给大家发送提醒，点击进入即可），七点开班仪式见[愉快]
正式学员群-数据分析,【老孟班】5.24数据分析入门试学,Francis,2018/5/23 0:00:00,16:14:35,Uda-Beauty,7点半见～
正式学员群-数据分析,【老孟班】5.24数据分析入门试学,Francis,2018/5/23 0:00:00,16:15:14,Udacity-Celia,七点啦[偷笑]@Uda-学习规划师Beauty
正式学员群-数据分析,【老孟班】5.24数据分析入门试学,Francis,2018/5/23 0:00:00,16:17:26,Francis,7点见[悠闲]
正式学员群-数据分析,【老孟班】5.24数据分析入门试学,Francis,2018/5/23 0:00:00,16:18:55,Uda-Beauty,哈哈哈～7点见～～～
正式学员群-数据分析,【老孟班】5.24数据分析入门试学,Francis,2018/5/23 0:00:00,16:19:14,Uda-Beauty,伙伴们不要和我一样看错哦～～～7??点哦～
正式学员群-数据分析,【老孟班】5.24数据分析入门试学,Francis,2018/5/23 0:00:00,16:24:22,Udacity-Celia,哈哈哈~~认真的beauty[鼓掌]
正式学员群-数据分析,【老孟班】5.24数据分析入门试学,Francis,2018/5/23 0:00:00,18:10:51,Francis,还有50分钟，大家准备好没有？????[耶]
正式学员群-数据分析,【老孟班】5.24数据分析入门试学,Francis,2018/5/23 0:00:00,18:12:41,秋然元悦,感觉赶不上，我还没下班
正式学员群-数据分析,【老孟班】5.24数据分析入门试学,Francis,2018/5/23 0:00:00,18:13:05,秋然元悦,7:00估计在路上
正式学员群-数据分析,【老孟班】5.24数据分析入门试学,Francis,2018/5/23 0:00:00,18:21:16,QT Chiu,蛤
正式学员群-数据分析,【老孟班】5.24数据分析入门试学,Francis,2018/5/23 0:00:00,18:21:26,QT Chiu,我不知道今晚有活动呢
正式学员群-数据分析,【老孟班】5.24数据分析入门试学,Francis,2018/5/23 0:00:00,18:21:33,QT Chiu,还约人吃饭了
正式学员群-数据分析,【老孟班】5.24数据分析入门试学,Francis,2018/5/23 0:00:00,18:30:01,Francis,@秋然元悦?classin可以在手机上看的，要是不开车可以试一下
正式学员群-数据分析,【老孟班】5.24数据分析入门试学,Francis,2018/5/23 0:00:00,18:30:49,Francis,@QT Chiu?欢迎新同学??
正式学员群-数据分析,【老孟班】5.24数据分析入门试学,Francis,2018/5/23 0:00:00,18:32:08,QT Chiu,请问今晚是开讲了还是只是opening？
正式学员群-数据分析,【老孟班】5.24数据分析入门试学,Francis,2018/5/23 0:00:00,18:33:24,Francis,今天是讲7天项目的总体介绍。学习资源的话明天10:00就可以访问了。
正式学员群-数据分析,【老孟班】5.24数据分析入门试学,Francis,2018/5/23 0:00:00,18:34:57,QT Chiu,明白
正式学员群-数据分析,【老孟班】5.24数据分析入门试学,Francis,2018/5/23 0:00:00,18:35:04,QT Chiu,谢谢～
正式学员群-数据分析,【老孟班】5.24数据分析入门试学,Francis,2018/5/23 0:00:00,18:56:31,苏 南,电脑端根本没有找到Class In
正式学员群-数据分析,【老孟班】5.24数据分析入门试学,Francis,2018/5/23 0:00:00,18:58:21,甲乙,http://www.eeo.cn/download.html 地址
正式学员群-数据分析,【老孟班】5.24数据分析入门试学,Francis,2018/5/23 0:00:00,18:59:13,Francis,大家快速进入战场！[悠闲]
正式学员群-数据分析,【老孟班】5.24数据分析入门试学,Francis,2018/5/23 0:00:00,18:59:32,Mazzy,[OK]
正式学员群-数据分析,【老孟班】5.24数据分析入门试学,Francis,2018/5/23 0:00:00,19:04:11,Francis,快来快来[悠闲]
正式学员群-数据分析,【老孟班】5.24数据分析入门试学,Francis,2018/5/23 0:00:00,19:04:26,Pearl,在了~
正式学员群-数据分析,【老孟班】5.24数据分析入门试学,Francis,2018/5/23 0:00:00,19:05:38,Francis,qt你的mic好像没开
正式学员群-数据分析,【老孟班】5.24数据分析入门试学,Francis,2018/5/23 0:00:00,19:14:00,Gin.,手机进去有我这边图像的视频吗[擦汗][擦汗]
正式学员群-数据分析,【老孟班】5.24数据分析入门试学,Francis,2018/5/23 0:00:00,19:16:11,Francis,好像没有[呲牙]
正式学员群-数据分析,【老孟班】5.24数据分析入门试学,Francis,2018/5/23 0:00:00,19:47:44,鲍小栋Ben,大家好，不好意思，因为刚临时开会，只能退出来了
正式学员群-数据分析,【老孟班】5.24数据分析入门试学,Francis,2018/5/23 0:00:00,19:48:19,Udacity-Celia,嗯嗯没关系，你先忙你的~记得抽空吃饭啊
正式学员群-数据分析,【老孟班】5.24数据分析入门试学,Francis,2018/5/23 0:00:00,19:48:37,Udacity-Celia,可以回听录屏@小鲍-上海
正式学员群-数据分析,【老孟班】5.24数据分析入门试学,Francis,2018/5/23 0:00:00,19:48:46,鲍小栋Ben,好的
正式学员群-数据分析,【老孟班】5.24数据分析入门试学,Francis,2018/5/23 0:00:00,20:00:52,QT Chiu,请问为什么我进去teambition没有我的文件夹呀？是要自己copy过去吗？
正式学员群-数据分析,【老孟班】5.24数据分析入门试学,Francis,2018/5/23 0:00:00,20:04:01,Francis,稍等我发二维码[呲牙]
正式学员群-数据分析,【老孟班】5.24数据分析入门试学,Francis,2018/5/23 0:00:00,20:04:51,Francis,休息10分钟处理下视频就回战场[机智]
正式学员群-数据分析,【老孟班】5.24数据分析入门试学,Francis,2018/5/23 0:00:00,20:08:45,苏 南,这个吗
正式学员群-数据分析,【老孟班】5.24数据分析入门试学,Francis,2018/5/23 0:00:00,20:12:44,Francis,回来了回来了，对的
正式学员群-数据分析,【老孟班】5.24数据分析入门试学,Francis,2018/5/23 0:00:00,20:12:53,Francis,我发清晰的，稍等下
正式学员群-数据分析,【老孟班】5.24数据分析入门试学,Francis,2018/5/23 0:00:00,20:13:30,Francis,分组信息
正式学员群-数据分析,【老孟班】5.24数据分析入门试学,Francis,2018/5/23 0:00:00,20:13:51,Francis,TeamA
正式学员群-数据分析,【老孟班】5.24数据分析入门试学,Francis,2018/5/23 0:00:00,20:14:07,Francis,TeamB
正式学员群-数据分析,【老孟班】5.24数据分析入门试学,Francis,2018/5/23 0:00:00,20:15:27,QT Chiu,助教呀，我还是没在teamB里面看到我的任务列表
正式学员群-数据分析,【老孟班】5.24数据分析入门试学,Francis,2018/5/23 0:00:00,20:15:51,QT Chiu,这个任务列表是要自己cooy/建立出来的吗？
正式学员群-数据分析,【老孟班】5.24数据分析入门试学,Francis,2018/5/23 0:00:00,20:16:10,QT Chiu,连 folder都没见着…
正式学员群-数据分析,【老孟班】5.24数据分析入门试学,Francis,2018/5/23 0:00:00,20:18:25,Gin.,晚上回去要听录屏啦
正式学员群-数据分析,【老孟班】5.24数据分析入门试学,Francis,2018/5/23 0:00:00,20:18:58,刘畅Sunny,录屏在哪里可以找到呢
正式学员群-数据分析,【老孟班】5.24数据分析入门试学,Francis,2018/5/23 0:00:00,20:19:43,Francis,录屏要晚点，大概10点吧。正在处理视频文件，1.3g[捂脸]
正式学员群-数据分析,【老孟班】5.24数据分析入门试学,Francis,2018/5/23 0:00:00,20:20:12,Francis,@仇倩婷 上海?我马上给你建，你来的晚一点[机智]
正式学员群-数据分析,【老孟班】5.24数据分析入门试学,Francis,2018/5/23 0:00:00,20:20:56,QT Chiu,其实就是copy吧？我自己也可以[皱眉]
正式学员群-数据分析,【老孟班】5.24数据分析入门试学,Francis,2018/5/23 0:00:00,20:21:15,刘畅Sunny,好的，辛苦助教啦
正式学员群-数据分析,【老孟班】5.24数据分析入门试学,Francis,2018/5/23 0:00:00,20:21:40,Francis,@仇倩婷 上海?已经好了[嘿哈]
正式学员群-数据分析,【老孟班】5.24数据分析入门试学,Francis,2018/5/23 0:00:00,20:23:16,苏 南,请问Udacity还有别的金融类的课程吗
正式学员群-数据分析,【老孟班】5.24数据分析入门试学,Francis,2018/5/23 0:00:00,20:24:48,Francis,没有特定的金融课程吧，数据分析就比较对口了。有好多项目都是先选数据集再做。
正式学员群-数据分析,【老孟班】5.24数据分析入门试学,Francis,2018/5/23 0:00:00,20:25:09,QT Chiu,谢谢助教老师
正式学员群-数据分析,【老孟班】5.24数据分析入门试学,Francis,2018/5/23 0:00:00,20:25:53,Francis,我做过一个贷款公司风险评估的，如果偏向金融可以选那个。@苏楠 北京
正式学员群-数据分析,【老孟班】5.24数据分析入门试学,Francis,2018/5/23 0:00:00,20:26:22,Francis,@仇倩婷 上海?不客气，就是要按时完成哦[机智]
正式学员群-数据分析,【老孟班】5.24数据分析入门试学,Francis,2018/5/23 0:00:00,20:26:45,QT Chiu,??
正式学员群-数据分析,【老孟班】5.24数据分析入门试学,Francis,2018/5/23 0:00:00,20:27:37,苏 南,选哪个
正式学员群-数据分析,【老孟班】5.24数据分析入门试学,Francis,2018/5/23 0:00:00,20:31:09,Francis,但其实分析方法差的不多
正式学员群-数据分析,【老孟班】5.24数据分析入门试学,Francis,2018/5/23 0:00:00,20:44:34,苏 南,哦哦。好的。谢谢
正式学员群-数据分析,【老孟班】5.24数据分析入门试学,Francis,2018/5/23 0:00:00,21:49:00,Udacity-Celia,感谢大家参与~~
正式学员群-数据分析,【老孟班】5.24数据分析入门试学,Francis,2018/5/23 0:00:00,21:53:40,Francis,@Udacity-Celia?感谢班主任老师??
正式学员群-数据分析,【老孟班】5.24数据分析入门试学,Francis,2018/5/23 0:00:00,21:54:20,鲍小栋Ben,
正式学员群-数据分析,【老孟班】5.24数据分析入门试学,Francis,2018/5/23 0:00:00,21:54:39,鲍小栋Ben,课程现在开放了吗
正式学员群-数据分析,【老孟班】5.24数据分析入门试学,Francis,2018/5/23 0:00:00,21:56:15,Francis,还在弄[捂脸]优酷传了3遍审核不过…再想别的办法…大家再等我下
正式学员群-数据分析,【老孟班】5.24数据分析入门试学,Francis,2018/5/23 0:00:00,22:15:36,Udacity-Celia,大家都辛苦啦
正式学员群-数据分析,【老孟班】5.24数据分析入门试学,Francis,2018/5/23 0:00:00,22:15:40,Udacity-Celia,早点休息噢
正式学员群-数据分析,【老孟班】5.24数据分析入门试学,Francis,2018/5/23 0:00:00,22:20:31,Francis,大家可以安装下chrome，对uda的兼容性最好。
正式学员群-数据分析,【老孟班】5.24数据分析入门试学,Francis,2018/5/23 0:00:00,22:21:15,Francis,另外，ppt已经放到teambituon里的，大家可以先看着。视频还在审核中[菜刀]
正式学员群-数据分析,【老孟班】5.24数据分析入门试学,Francis,2018/5/23 0:00:00,22:22:19,秋然元悦,辛苦了
正式学员群-数据分析,【老孟班】5.24数据分析入门试学,Francis,2018/5/23 0:00:00,22:23:45,Udacity-Celia,"@所有人，感谢大家今晚抽出时间参加开班仪式，超高兴认识大家，希望大家在7天内能够对数据分析整个流程有个宏观的概念，并着手完成一个数据分析项目！

助教大大已经帮助大家规划了每日导学，请戳https://www.teambition.com/projects进入“我参与的项目”获取和围观，还没有加入的同学请私戳助教获取加入链接～（PC端Chrome浏览器下体验更好）

为了确保项目完成后能够获得通关证书，请大家务必关注“优达学习助手”服务号，并在菜单栏绑定自己Udacity的注册账号，否则就没有通关证书啦！
教室明天开放，今天大家早点休息，晚安～"
正式学员群-数据分析,【老孟班】5.24数据分析入门试学,Francis,2018/5/23 0:00:00,22:31:15,Francis,ppt发一下，teambition里我也加了，视频还在催，有了马上放出来
正式学员群-数据分析,【老孟班】5.24数据分析入门试学,Francis,2018/5/23 0:00:00,22:31:46,Udacity-Celia,老孟大大辛苦啦
正式学员群-数据分析,【老孟班】5.24数据分析入门试学,Francis,2018/5/23 0:00:00,22:32:27,Francis,同学们和班主任最辛苦，大家加油[鼓掌]
正式学员群-数据分析,【老孟班】5.24数据分析入门试学,Francis,2018/5/23 0:00:00,22:32:49,登山看景,[强]，敬佩敬业精神。
正式学员群-数据分析,【老孟班】5.24数据分析入门试学,Francis,2018/5/23 0:00:00,22:36:40,Francis,大家早点休息吧，如果晚点有了我就放出来，不@你们，不打扰你们夜生活[悠闲]
正式学员群-数据分析,【老孟班】5.24数据分析入门试学,Francis,2018/5/23 0:00:00,22:55:33,Gin.,辛苦啦！
正式学员群-数据分析,【老孟班】5.24数据分析入门试学,Francis,2018/5/23 0:00:00,22:56:07,Gin.,有夜生活可以被打扰就好了?? 坐等看视频
正式学员群-数据分析,【老孟班】5.24数据分析入门试学,Francis,2018/5/23 0:00:00,23:01:08,Francis,刚检查了还没审过[捂脸]可能要明天早上了。大家早点休息，养精蓄锐吧[阴险]
正式学员群-数据分析,【老孟班】5.24数据分析入门试学,Francis,2018/5/23 0:00:00,23:13:58,Jester,跪求录屏[捂脸][捂脸]10点才下班到家
正式学员群-数据分析,【老孟班】5.24数据分析入门试学,Francis,2018/5/23 0:00:00,23:14:30,Jester,对不起班主任，一直没有时间看信息
正式学员群-数据分析,【老孟班】5.24数据分析入门试学,Francis,2018/5/24 0:00:00,00:09:12,Uda-Beauty,@Jester?明天会有的，辛苦了先早点休息，明天抓紧时间看，赶上进度！加油～晚安
正式学员群-数据分析,【老孟班】5.24数据分析入门试学,Francis,2018/5/24 0:00:00,09:13:24,Francis,https://www.bilibili.com/video/av23838287/
正式学员群-数据分析,【老孟班】5.24数据分析入门试学,Francis,2018/5/24 0:00:00,09:13:24,Francis,大家早上好啊[悠闲]
正式学员群-数据分析,【老孟班】5.24数据分析入门试学,Francis,2018/5/24 0:00:00,09:13:24,Francis,http://v.youku.com/v_show/id_XMzYyMjkxNjQwOA==.html?spm=a2h3j.8428770.3416059.1
正式学员群-数据分析,【老孟班】5.24数据分析入门试学,Francis,2018/5/24 0:00:00,09:13:24,Francis,亮的都通过了啦啦啦[调皮]。youku的密码是13572468
正式学员群-数据分析,【老孟班】5.24数据分析入门试学,Francis,2018/5/24 0:00:00,09:14:41,Francis,早起发到另一个群了。有点晕。大家准备好了么？10点就可以看到课程了[机智]
正式学员群-数据分析,【老孟班】5.24数据分析入门试学,Francis,2018/5/24 0:00:00,09:15:59,Francis,今天的任务别忘了，争取完成前三节！加油??
正式学员群-数据分析,【老孟班】5.24数据分析入门试学,Francis,2018/5/24 0:00:00,09:17:02,夏秋冬春,已经可以看了
正式学员群-数据分析,【老孟班】5.24数据分析入门试学,Francis,2018/5/24 0:00:00,09:18:23,Francis,[发呆]那大家在可以的时间加油看，有问题先搜索，再留言[得意]
正式学员群-数据分析,【老孟班】5.24数据分析入门试学,Francis,2018/5/24 0:00:00,09:20:43,Mazzy,收到
正式学员群-数据分析,【老孟班】5.24数据分析入门试学,Francis,2018/5/24 0:00:00,11:02:37,Francis,刷不出这个图的看这张
正式学员群-数据分析,【老孟班】5.24数据分析入门试学,Francis,2018/5/24 0:00:00,11:03:09,Francis,大家加油，中午晚一点会发每日一题呦[悠闲]
正式学员群-数据分析,【老孟班】5.24数据分析入门试学,Francis,2018/5/24 0:00:00,11:10:04,QT Chiu,助教好，请问这个图是什么呀？我好像图片都刷不出来[捂脸]
正式学员群-数据分析,【老孟班】5.24数据分析入门试学,Francis,2018/5/24 0:00:00,11:23:41,Udacity-Celia,@助教-老孟
正式学员群-数据分析,【老孟班】5.24数据分析入门试学,Francis,2018/5/24 0:00:00,11:24:21,Francis,收到，我去扒下来
正式学员群-数据分析,【老孟班】5.24数据分析入门试学,Francis,2018/5/24 0:00:00,11:26:41,Francis,下面不是课程内容的，可能是网页的小标识，不用管他。
正式学员群-数据分析,【老孟班】5.24数据分析入门试学,Francis,2018/5/24 0:00:00,11:27:03,Francis,我的没这个
正式学员群-数据分析,【老孟班】5.24数据分析入门试学,Francis,2018/5/24 0:00:00,11:27:49,Francis,@仇倩婷 上海?还是建议安装chrome，和uda绝配。其他的浏览器有时候会有奇怪的问题。
正式学员群-数据分析,【老孟班】5.24数据分析入门试学,Francis,2018/5/24 0:00:00,11:29:37,QT Chiu,好
正式学员群-数据分析,【老孟班】5.24数据分析入门试学,Francis,2018/5/24 0:00:00,12:38:09,Francis,大家好，应该差不多午休时间了。吃过午饭，给大家找点乐子，今天的每日一题如下[悠闲]：
正式学员群-数据分析,【老孟班】5.24数据分析入门试学,Francis,2018/5/24 0:00:00,12:39:41,Francis,请大家按照号进行回答，晚上会公布答案，大家看过16个小问题，也能学到不少。等着大家的精彩回答[鼓掌]
正式学员群-数据分析,【老孟班】5.24数据分析入门试学,Francis,2018/5/24 0:00:00,13:27:28,QT Chiu,16:统计学中的中位数是指median，代表一个样本、种群或者概率分布当中的一个数值，这个数值可以把这一数据集平分成上下两部分。中位数的计算方式根据数据集的奇偶而略有不同。
正式学员群-数据分析,【老孟班】5.24数据分析入门试学,Francis,2018/5/24 0:00:00,13:30:40,秋然元悦,15：什么是定类变量。定类变量又称“定类尺度”。根据定性的原则区分总体各个案类别的变量。设计定类变量的各个类别时，应当符合周延互斥性的原则，例如，性别分为男、女两类，它既概括了人的性别的全部类别，同时类别之间又具有互斥性。定类变量在形式上还具有对称性和传递性。所谓对称性，是指A对B的关系，亦即为B对A的关系。所谓传递性，即：如果A=B，并且B=C，那么A=C。结合起来就是如果A与B同类，则B与A也同类;如果A与B同类，并且B与C同类，则A与C必定同类
正式学员群-数据分析,【老孟班】5.24数据分析入门试学,Francis,2018/5/24 0:00:00,13:38:48,夏秋冬春,2 Pandas像是更强大灵活的Excel，能够处理大量的数据。pandas是Python强大又高效的数据分析工具包，该工具包是为了解决数据分析任务而创建的， 纳入了大量库和一些标准的数据模型，提供了高效地操作大型数据集所需的工具。最初由AQR Capital Management于2008年4月开发，并于2009年底开源出来，目前由专注于Python数据包开发的PyData开发team继续开发和维护。
正式学员群-数据分析,【老孟班】5.24数据分析入门试学,Francis,2018/5/24 0:00:00,14:19:57,Udacity-Celia,都回答的好认真@胡圣 宁波 @秋然元悦 @仇倩婷 上海
正式学员群-数据分析,【老孟班】5.24数据分析入门试学,Francis,2018/5/24 0:00:00,14:19:59,Francis,[强]都好详细
正式学员群-数据分析,【老孟班】5.24数据分析入门试学,Francis,2018/5/24 0:00:00,14:20:33,Udacity-Celia,其他同学记得也来认领你的问题哦~~
正式学员群-数据分析,【老孟班】5.24数据分析入门试学,Francis,2018/5/24 0:00:00,14:33:21,Francis,@所有人 还没有认领任务的同学要赶快思考哦。今天的任务看的怎么样了？[悠闲]
正式学员群-数据分析,【老孟班】5.24数据分析入门试学,Francis,2018/5/24 0:00:00,14:34:05,Mazzy,"python当中的out_columns=['No','year','mouth','day'],请问我打印out_columns,接下来会显示内容：
No,
year,
mouth,
day,"
正式学员群-数据分析,【老孟班】5.24数据分析入门试学,Francis,2018/5/24 0:00:00,14:34:50,Mazzy,不知道对否??完全没经验
正式学员群-数据分析,【老孟班】5.24数据分析入门试学,Francis,2018/5/24 0:00:00,14:47:12,💍＇徐徐徐雯佳,"6: CSV"" 是逗号分隔文件 (Comma Separated Values) 的首字母英文缩写，是一种用来存储数据的纯文本格式，通常用于电子表格或数据库软件。在 CSV 文件中，数据“栏”以逗号分隔，可允许程序通过读取文件为数据重新创建正确的栏结构，并在每次遇到逗号时开始新的一栏。"
正式学员群-数据分析,【老孟班】5.24数据分析入门试学,Francis,2018/5/24 0:00:00,14:51:01,Udacity-Celia,雯佳很棒喔~~昨天听你讲才入门，问题已经回答的很好啦！说明有花了心思去查询。搜索能力一级棒[鼓掌]@徐雯佳 海口
正式学员群-数据分析,【老孟班】5.24数据分析入门试学,Francis,2018/5/24 0:00:00,14:52:49,💍＇徐徐徐雯佳,[害羞][害羞]还要再接再厉，
正式学员群-数据分析,【老孟班】5.24数据分析入门试学,Francis,2018/5/24 0:00:00,14:59:08,Francis,@Mazzy 上海?悄悄的告诉你，这个可以在项目里的环境试一下。打印的是out_columns ，这是一个列表。[调皮]
正式学员群-数据分析,【老孟班】5.24数据分析入门试学,Francis,2018/5/24 0:00:00,15:01:22,Francis,@所有人 大家加油，我分享个之前写的简介
正式学员群-数据分析,【老孟班】5.24数据分析入门试学,Francis,2018/5/24 0:00:00,15:01:54,Pearl,好的老师收到了  等下在群里回答
正式学员群-数据分析,【老孟班】5.24数据分析入门试学,Francis,2018/5/24 0:00:00,15:03:09,Mazzy,好的@助教-老孟?打印列表我理解??Print出来的内容就不懂了
正式学员群-数据分析,【老孟班】5.24数据分析入门试学,Francis,2018/5/24 0:00:00,15:04:27,Francis,上面的文档，出现代码之后就不用看了，是周六开放课的checklist
正式学员群-数据分析,【老孟班】5.24数据分析入门试学,Francis,2018/5/24 0:00:00,15:05:14,Francis,@Mazzy 上海?实际上打印list的话，每个成分不会换行的。
正式学员群-数据分析,【老孟班】5.24数据分析入门试学,Francis,2018/5/24 0:00:00,15:06:57,Francis,@Mazzy 上海?下面的是输出
正式学员群-数据分析,【老孟班】5.24数据分析入门试学,Francis,2018/5/24 0:00:00,15:07:27,Mazzy,"16.python当中的out_columns=['No','year','mouth','day'],请问我打印out_columns,接下来会显示内容：
[No,year,mouth,day]"
正式学员群-数据分析,【老孟班】5.24数据分析入门试学,Francis,2018/5/24 0:00:00,15:08:10,Francis,@Mazzy 上海?[强][强][强]一点就会了
正式学员群-数据分析,【老孟班】5.24数据分析入门试学,Francis,2018/5/24 0:00:00,15:09:10,Mazzy,感谢老师亲力亲为，耐心指点[抱拳]
正式学员群-数据分析,【老孟班】5.24数据分析入门试学,Francis,2018/5/24 0:00:00,15:09:14,Francis,ios有左下角这个程序，简单的可以试试
正式学员群-数据分析,【老孟班】5.24数据分析入门试学,Francis,2018/5/24 0:00:00,15:09:18,Mazzy,好的??
正式学员群-数据分析,【老孟班】5.24数据分析入门试学,Francis,2018/5/24 0:00:00,15:13:02,Francis,打印的应该带引号。因为是字符。再看下我更新的@Mazzy 上海
正式学员群-数据分析,【老孟班】5.24数据分析入门试学,Francis,2018/5/24 0:00:00,15:19:20,Mazzy,@助教-老孟?好的，我试下~
正式学员群-数据分析,【老孟班】5.24数据分析入门试学,Francis,2018/5/24 0:00:00,15:30:05,Jester,11.我的问题好像有点简单[调皮][调皮]虽然还没看教程但是先抢答一下：字符串“15”和整形数15是不一样的，前者变量类型为Str，表示文本的15，不能进行算数运算，+运算符重载为合并字符串，*重载为复制字符串，可以使用.copy()之类的内生方法…整形数15为整形数，相当于就是整数15，可以进行算数运算的加减乘除乘方等运算
正式学员群-数据分析,【老孟班】5.24数据分析入门试学,Francis,2018/5/24 0:00:00,15:33:07,Udacity-Celia,棒极啦@Jester 老孟出题也是循序渐进来的[奸笑]第一天先会基础一点，助教会掌握每个同学的程度，往后就可以针对每个人不同的基础来出题啦
正式学员群-数据分析,【老孟班】5.24数据分析入门试学,Francis,2018/5/24 0:00:00,15:34:20,Jester,主要是大家的好像还挺难的
正式学员群-数据分析,【老孟班】5.24数据分析入门试学,Francis,2018/5/24 0:00:00,15:45:06,西米斯,3、%matplotlib inline命令的功能是内嵌绘图，可以将matplotlib的图表直接嵌入到Notebook之中，或者使用指定的界面库显示图表，它有一个参数指定matplotlib图表的显示方式。
正式学员群-数据分析,【老孟班】5.24数据分析入门试学,Francis,2018/5/24 0:00:00,16:32:15,Francis,@徐雯佳 海口?我分享的文件后面代码是周六才会讲，先忽略就好了[呲牙]
正式学员群-数据分析,【老孟班】5.24数据分析入门试学,Francis,2018/5/24 0:00:00,16:51:03,💍＇徐徐徐雯佳,??
正式学员群-数据分析,【老孟班】5.24数据分析入门试学,Francis,2018/5/24 0:00:00,17:11:54,登山看景,1、Python的import语句实现什么功能？python中的import语句是用来导入模块的，在python模块库中有着大量的模块可供使用，要想使用这些文件需要用import语句把指定模块导入到当前程序中。import语句作用就是用来导入模块的，它可以出现在程序中的任何位置。
正式学员群-数据分析,【老孟班】5.24数据分析入门试学,Francis,2018/5/24 0:00:00,17:40:22,鲍小栋Ben,"第四题
（1）df_inner.iloc[2]
（2）df_inner.ix[:'city'，:1]"
正式学员群-数据分析,【老孟班】5.24数据分析入门试学,Francis,2018/5/24 0:00:00,17:40:38,鲍小栋Ben,不太确定
正式学员群-数据分析,【老孟班】5.24数据分析入门试学,Francis,2018/5/24 0:00:00,17:49:48,Francis,teamb的这两位是咱们同学么？不是我t掉了[发呆]
正式学员群-数据分析,【老孟班】5.24数据分析入门试学,Francis,2018/5/24 0:00:00,17:57:09,Udacity-Celia,@秋然元悦 @助教-老孟 他就是王健[捂脸]
正式学员群-数据分析,【老孟班】5.24数据分析入门试学,Francis,2018/5/24 0:00:00,17:57:49,Udacity-Celia,@秋然元悦 你改下备注吧，不然助教大大把你对不上[流泪]就很容易把你漏了呜呜呜
正式学员群-数据分析,【老孟班】5.24数据分析入门试学,Francis,2018/5/24 0:00:00,17:58:37,chocolate,"10.pandas的read_csv模块作用是什么?
读取指定路径下的csv文件，将对应格式的文件进行数据提取，存入city_data中"
正式学员群-数据分析,【老孟班】5.24数据分析入门试学,Francis,2018/5/24 0:00:00,17:58:55,chocolate,Homo那个是我[嘿哈]@助教-老孟
正式学员群-数据分析,【老孟班】5.24数据分析入门试学,Francis,2018/5/24 0:00:00,17:59:35,秋然元悦,改了
正式学员群-数据分析,【老孟班】5.24数据分析入门试学,Francis,2018/5/24 0:00:00,18:02:22,Udacity-Celia,哈哈哈~~那就好。。幸亏助教大大手慢等了等你们@乔勇 广州 @王健 - 上海 [嘿哈]
正式学员群-数据分析,【老孟班】5.24数据分析入门试学,Francis,2018/5/24 0:00:00,18:03:12,Francis,可是还是多了一个人啊……我凌乱了
正式学员群-数据分析,【老孟班】5.24数据分析入门试学,Francis,2018/5/24 0:00:00,18:03:40,Udacity-Celia,先不管了哈哈哈，咱们童鞋们都在就行
正式学员群-数据分析,【老孟班】5.24数据分析入门试学,Francis,2018/5/24 0:00:00,18:04:10,QT Chiu,24k纯小白想问个问题
正式学员群-数据分析,【老孟班】5.24数据分析入门试学,Francis,2018/5/24 0:00:00,18:04:41,QT Chiu,这图上的一堆数据看不懂怎么办??
正式学员群-数据分析,【老孟班】5.24数据分析入门试学,Francis,2018/5/24 0:00:00,18:07:56,秋然元悦,分位、平均值、最大最小值
正式学员群-数据分析,【老孟班】5.24数据分析入门试学,Francis,2018/5/24 0:00:00,18:08:10,秋然元悦,标准方差
正式学员群-数据分析,【老孟班】5.24数据分析入门试学,Francis,2018/5/24 0:00:00,18:08:48,秋然元悦,下面是指的字段属性
正式学员群-数据分析,【老孟班】5.24数据分析入门试学,Francis,2018/5/24 0:00:00,18:12:04,QT Chiu,谢谢啊，但还是不懂??
正式学员群-数据分析,【老孟班】5.24数据分析入门试学,Francis,2018/5/24 0:00:00,18:13:53,Jester,我也改了，把名字和id都留着方便对应[调皮]
正式学员群-数据分析,【老孟班】5.24数据分析入门试学,Francis,2018/5/24 0:00:00,18:13:58,秋然元悦,图的上半部，横向是各字段名，纵向是这个字段内所有值的分位、平均值、最大最小值、标准方差值
正式学员群-数据分析,【老孟班】5.24数据分析入门试学,Francis,2018/5/24 0:00:00,18:14:57,秋然元悦,count是这字段里的值的数量，很明显，全量是10086个值，小于这个数量的代表值有缺失
正式学员群-数据分析,【老孟班】5.24数据分析入门试学,Francis,2018/5/24 0:00:00,18:20:22,秋然元悦,non-null指不能为空值，int 64指实数，比如0，1，2，3等整实数，float指浮点数，可以带小数点
正式学员群-数据分析,【老孟班】5.24数据分析入门试学,Francis,2018/5/24 0:00:00,18:22:46,Francis,@王健 - 上海?讲的非常清楚。[强]
正式学员群-数据分析,【老孟班】5.24数据分析入门试学,Francis,2018/5/24 0:00:00,18:23:07,💍＇徐徐徐雯佳,[强][强][强]我也明白了
正式学员群-数据分析,【老孟班】5.24数据分析入门试学,Francis,2018/5/24 0:00:00,18:23:17,Francis,看了明天的课以后，就好理解些了，先不要急@仇倩婷 上海
正式学员群-数据分析,【老孟班】5.24数据分析入门试学,Francis,2018/5/24 0:00:00,18:24:38,QT Chiu,没有急啦，就是做练习的时候一脸懵就来问问看[捂脸]
正式学员群-数据分析,【老孟班】5.24数据分析入门试学,Francis,2018/5/24 0:00:00,18:26:35,QT Chiu,谢谢你@王健 - 上海
正式学员群-数据分析,【老孟班】5.24数据分析入门试学,Francis,2018/5/24 0:00:00,18:27:46,秋然元悦,@仇倩婷 上海 不客气，我看到有同学问所以回复下，还好没说错 [偷笑]
正式学员群-数据分析,【老孟班】5.24数据分析入门试学,Francis,2018/5/24 0:00:00,18:31:22,秋然元悦,再多说一句，这张表其实是介绍表的数据质量，分析师在分析之前，必须要清楚每张表的质量如何，数据是有陷阱的，分析师需要学会处理异常值
正式学员群-数据分析,【老孟班】5.24数据分析入门试学,Francis,2018/5/24 0:00:00,18:33:39,Francis,就是说，在分析之前要看下咱们的数据是不是够好够漂亮
正式学员群-数据分析,【老孟班】5.24数据分析入门试学,Francis,2018/5/24 0:00:00,19:04:50,Pearl,"Q：为什么我们从Python开始学习数据分析？
A：
（1）Python支持面向对象的编程，它逻辑简单、语法更贴近英语，代码简洁可读性高，容易入门，利于初学者学习；
（2）Python拥有强大易用的标准库， 在数据分析和交互、探索性计算以及数据可视化等方面都有非常成熟的库和工具，也有对应的非常活跃的社区。尤其是 Python 中的 Pandas 库在处理中型数据方面有着无与伦比的优势，正在成为各行业数据处理任务的首选库。
（3）Python 开放源代码，拥有强大的通用编程能力。 并且Python具备很强的动态性，不仅在数据分析方面能力强大，在爬虫、web、自动化运维甚至游戏等等很多领域都有广泛的应用。这就使公司使用一种技术完成全部服务成为可能，有利于各个技术组之间的业务融合。
（4）Python 是人工智能时代的通用语言。"
正式学员群-数据分析,【老孟班】5.24数据分析入门试学,Francis,2018/5/24 0:00:00,19:23:40,苏 南,我错过了什么
正式学员群-数据分析,【老孟班】5.24数据分析入门试学,Francis,2018/5/24 0:00:00,19:23:45,苏 南,几点上课 今天？
正式学员群-数据分析,【老孟班】5.24数据分析入门试学,Francis,2018/5/24 0:00:00,19:24:09,苏 南,@助教-老孟
正式学员群-数据分析,【老孟班】5.24数据分析入门试学,Francis,2018/5/24 0:00:00,19:37:40,登山看景,不上也说句话哟。
正式学员群-数据分析,【老孟班】5.24数据分析入门试学,Francis,2018/5/24 0:00:00,19:38:15,苏 南,刚看手机。今天一天错过了什么
正式学员群-数据分析,【老孟班】5.24数据分析入门试学,Francis,2018/5/24 0:00:00,19:38:56,登山看景,什么都没？难道今天课已经上了吗？
正式学员群-数据分析,【老孟班】5.24数据分析入门试学,Francis,2018/5/24 0:00:00,19:45:20,Francis,今天没有课啊
正式学员群-数据分析,【老孟班】5.24数据分析入门试学,Francis,2018/5/24 0:00:00,19:45:59,Francis,大家前3部分有问题的话，留言。我10点回归电脑。
正式学员群-数据分析,【老孟班】5.24数据分析入门试学,Francis,2018/5/24 0:00:00,19:46:06,Jester,课程内容在优达官网啊
正式学员群-数据分析,【老孟班】5.24数据分析入门试学,Francis,2018/5/24 0:00:00,19:46:17,Francis,再上课是周六??和我的视频是周六
正式学员群-数据分析,【老孟班】5.24数据分析入门试学,Francis,2018/5/24 0:00:00,20:26:47,💍＇徐徐徐雯佳,小白的我一头雾水
正式学员群-数据分析,【老孟班】5.24数据分析入门试学,Francis,2018/5/24 0:00:00,20:37:50,Udacity-思远,"开车安全重要，
先别回消息啦[愉快]"
正式学员群-数据分析,【老孟班】5.24数据分析入门试学,Francis,2018/5/24 0:00:00,20:46:44,刘畅Sunny,"5.【数据异常通常是指哪几种情况？】异常值outlier：指样本中的个别值，其数值明显偏离它（或他们）所属样本的其余观测值,也称异常数据，离群值。常见的情况有：a. 由于外界干扰、人为误差等原因造成实测数据值偏离正常结果 b. 实际情况与业务逻辑紧密联系，例如在信用卡欺诈侦测案例中，异常数据对象恰是目标勘测对象 c. 选取分析方法不当，或数据模型不够完善，正常值“无辜背锅”（待补充…）"
正式学员群-数据分析,【老孟班】5.24数据分析入门试学,Francis,2018/5/24 0:00:00,21:31:40,chocolate,请问uda的课程购买后是可以永久访问的吗[嘿哈]
正式学员群-数据分析,【老孟班】5.24数据分析入门试学,Francis,2018/5/24 0:00:00,21:47:30,Udacity-Celia,你的项目通过之后，你还是可以过来回看的呢@乔勇 广州
正式学员群-数据分析,【老孟班】5.24数据分析入门试学,Francis,2018/5/24 0:00:00,21:47:58,Udacity-Celia,https://classroom.udacity.com/me
正式学员群-数据分析,【老孟班】5.24数据分析入门试学,Francis,2018/5/24 0:00:00,21:48:34,Udacity-Celia,童鞋们，今天没有公开课。今天是教室开放啦，你可以登陆教室去学习啦[机智]链接奉上
正式学员群-数据分析,【老孟班】5.24数据分析入门试学,Francis,2018/5/24 0:00:00,21:49:07,Udacity-Celia,@周鹏深圳
正式学员群-数据分析,【老孟班】5.24数据分析入门试学,Francis,2018/5/24 0:00:00,21:50:11,Francis,到家了，5分钟后到达战场
正式学员群-数据分析,【老孟班】5.24数据分析入门试学,Francis,2018/5/24 0:00:00,21:50:58,Udacity-Celia,休息一下先
正式学员群-数据分析,【老孟班】5.24数据分析入门试学,Francis,2018/5/24 0:00:00,21:55:56,Francis,上线上线，今天大家学的怎么样。我先发每日一题的答案。大家先看着，之后挨个解决问题，不达到目标，不准你们睡觉[悠闲]
正式学员群-数据分析,【老孟班】5.24数据分析入门试学,Francis,2018/5/24 0:00:00,22:00:34,Udacity-Celia,繁春大大厉害
正式学员群-数据分析,【老孟班】5.24数据分析入门试学,Francis,2018/5/24 0:00:00,22:00:58,Udacity-Celia,大家赶紧出来看看今天的习题哦，看看有木有做对呀[奸笑]
正式学员群-数据分析,【老孟班】5.24数据分析入门试学,Francis,2018/5/24 0:00:00,22:01:49,Jester,话说这些内容是网络课的所有内容吗？现在才开始看，看来第一天信息量挺大[流汗]
正式学员群-数据分析,【老孟班】5.24数据分析入门试学,Francis,2018/5/24 0:00:00,22:03:40,Udacity-Celia,关于每日一题的一些解释：?1. 每日一题会对每位同学都当天出专属的一个问题，学员需要在当天0点以前在群里面梳理出答案，不要求详细具体，但至少要能把问题讲清楚?2. 在群里回答的时候记得要带上问题，以横线隔开，方便其他同学参考你的答案?3. 助教会在第二天将昨天的问题和同学们的答案汇总起来再分享出来?[嘿哈]
正式学员群-数据分析,【老孟班】5.24数据分析入门试学,Francis,2018/5/24 0:00:00,22:04:36,Udacity-Celia,@戴逸骅 Jester?不是，这个是每日一题。助教为每个人准备了一个专属的小题目。都是我们完成项目需要用到的知识点，每人只有一个啦[奸笑]
正式学员群-数据分析,【老孟班】5.24数据分析入门试学,Francis,2018/5/24 0:00:00,22:05:00,Jester,明白了，谢谢[呲牙]
正式学员群-数据分析,【老孟班】5.24数据分析入门试学,Francis,2018/5/24 0:00:00,22:05:16,Udacity-Celia,但是每人回答一道，咱们全部会有17道[机智]
正式学员群-数据分析,【老孟班】5.24数据分析入门试学,Francis,2018/5/24 0:00:00,22:05:32,Udacity-Celia,解答一道题，学会17道[害羞]
正式学员群-数据分析,【老孟班】5.24数据分析入门试学,Francis,2018/5/24 0:00:00,22:07:37,Francis,@徐雯佳 海口 在么？咱们先讲import这个
正式学员群-数据分析,【老孟班】5.24数据分析入门试学,Francis,2018/5/24 0:00:00,22:08:31,Jester,"问题11：Python中的字符串""15""和整数型的15有什么区别吗？\n
Jester回答：字符串“15”和整形数15是不一样的，前者变量类型为Str，表示文本的15，不能进行算数运算，+运算符重载为合并字符串，*重载为复制字符串，可以使用.copy()之类的内生方法…整形数15为整形数，相当于就是整数15，可以进行算数运算的加减乘除乘方等运算"
正式学员群-数据分析,【老孟班】5.24数据分析入门试学,Francis,2018/5/24 0:00:00,22:08:51,甲乙,9 - NaN，是Not a Number的缩写，表示一些特殊数值（无穷与非数值（NaN））。
正式学员群-数据分析,【老孟班】5.24数据分析入门试学,Francis,2018/5/24 0:00:00,22:14:44,Francis,@戴逸骅 Jester [强]解答的非常好，实际上python对于数据类型是非常宽松的，直接赋值就可以了。比如说 m = ‘Uda’ 那么现在m就是字符型的。如果 m = 0，那么现在m就是整数型的。需要注意的就是一般来很多操作都要保证是同一类型的才能操作。不过这个不用细究，正式课里会有比较详细的解释。
正式学员群-数据分析,【老孟班】5.24数据分析入门试学,Francis,2018/5/24 0:00:00,22:16:36,Jester,之前接触过JAVA，又学Python，刚开始还是会习惯性的开头name =''，number=0，list=[]，后来发现不用简直惊呆了[奸笑]
正式学员群-数据分析,【老孟班】5.24数据分析入门试学,Francis,2018/5/24 0:00:00,22:17:27,Francis,哈哈，人生苦短，我用Python[机智]
正式学员群-数据分析,【老孟班】5.24数据分析入门试学,Francis,2018/5/24 0:00:00,22:17:53,Francis,大家这几部分都看完了没，有问题要问哦！
正式学员群-数据分析,【老孟班】5.24数据分析入门试学,Francis,2018/5/24 0:00:00,22:19:57,Francis,@所有人 大家这几部分都看完了没，有问题要问哦！
正式学员群-数据分析,【老孟班】5.24数据分析入门试学,Francis,2018/5/24 0:00:00,22:20:32,Mazzy,还有最后两个章节
正式学员群-数据分析,【老孟班】5.24数据分析入门试学,Francis,2018/5/24 0:00:00,22:20:39,QT Chiu,啊不是说前三节吗……我字符那个还没看完
正式学员群-数据分析,【老孟班】5.24数据分析入门试学,Francis,2018/5/24 0:00:00,22:22:25,Mazzy,@助教-老孟?老师，这道题不能完全理解
正式学员群-数据分析,【老孟班】5.24数据分析入门试学,Francis,2018/5/24 0:00:00,22:22:36,Francis,"明天的任务是：
1、 完成函数和标准库
2、 看项目文件，并且准备写项目。回答项目前面的问题。
3、 循环那里如果进度合适可以看下，项目中基本没用上，就是调用就可以了。看的费劲的话可以跳过。"
正式学员群-数据分析,【老孟班】5.24数据分析入门试学,Francis,2018/5/24 0:00:00,22:23:18,Francis,[奸笑]你的答案也要放上来，咱们一起讨论下
正式学员群-数据分析,【老孟班】5.24数据分析入门试学,Francis,2018/5/24 0:00:00,22:25:16,Francis,@仇倩婷 上海 我看大家都很努力，又给加的[嘿哈]这样明天就可以简单讲讲项目。周六大家能做，晚上讲收获多一点。也可以明天一起看，那节还好。
正式学员群-数据分析,【老孟班】5.24数据分析入门试学,Francis,2018/5/24 0:00:00,22:25:40,Francis,老师看到努力的学生们，总是按捺不住提高要求的[悠闲]
正式学员群-数据分析,【老孟班】5.24数据分析入门试学,Francis,2018/5/24 0:00:00,22:26:41,QT Chiu,??
正式学员群-数据分析,【老孟班】5.24数据分析入门试学,Francis,2018/5/24 0:00:00,22:28:03,Francis,我来了，咱们先说第二个选项。你能解释下中位数是什么么？@Mazzy 上海
正式学员群-数据分析,【老孟班】5.24数据分析入门试学,Francis,2018/5/24 0:00:00,22:28:21,Mazzy,倍感压力啊[发呆]
正式学员群-数据分析,【老孟班】5.24数据分析入门试学,Francis,2018/5/24 0:00:00,22:28:24,Mazzy,中位数将我们的数据分为两部分，一半低于它，一半高于它。我们在此视频中发现，如何计算中位数取决于我们有偶数个还是奇数个观察值。
正式学员群-数据分析,【老孟班】5.24数据分析入门试学,Francis,2018/5/24 0:00:00,22:29:05,Mazzy,中位数是中间两个值的平均值。例如，如果我们有 8 个观察值并从小到大排列，则计算第四和第五个值的平均值。
正式学员群-数据分析,【老孟班】5.24数据分析入门试学,Francis,2018/5/24 0:00:00,22:29:46,Francis,第一个描述是对的。第二个，在有的情况下是对的。我来说一下。
正式学员群-数据分析,【老孟班】5.24数据分析入门试学,Francis,2018/5/24 0:00:00,22:30:06,Mazzy,好[抱拳]
正式学员群-数据分析,【老孟班】5.24数据分析入门试学,Francis,2018/5/24 0:00:00,22:31:27,Francis,中位数就是小朋友从矮到高排序，中间站那个就是中位数。最矮的是换成小恶魔，最高的换成姚明，都不影响这个排序。
正式学员群-数据分析,【老孟班】5.24数据分析入门试学,Francis,2018/5/24 0:00:00,22:31:54,Francis,所以说中位数对于异常值是十分不敏感的，因为中间的那个就在那里。
正式学员群-数据分析,【老孟班】5.24数据分析入门试学,Francis,2018/5/24 0:00:00,22:32:18,Mazzy,一语道破！got![强]
正式学员群-数据分析,【老孟班】5.24数据分析入门试学,Francis,2018/5/24 0:00:00,22:32:29,Francis,刚才看错了，你的第二个描述也是对的。那么请问，答案中的第2项，你觉得那里不对啊？
正式学员群-数据分析,【老孟班】5.24数据分析入门试学,Francis,2018/5/24 0:00:00,22:32:48,Pearl,[捂脸]哎这两天工作忙疯了 还有两节没看   心塞ing  准备明天6点起床看完
正式学员群-数据分析,【老孟班】5.24数据分析入门试学,Francis,2018/5/24 0:00:00,22:33:24,Mazzy,形容说：那个数据，我就多思考了以下。
正式学员群-数据分析,【老孟班】5.24数据分析入门试学,Francis,2018/5/24 0:00:00,22:33:27,Francis,@所有人 大家不要忘了完成了在teambition画勾勾哦，否则我会私信你[酷]
正式学员群-数据分析,【老孟班】5.24数据分析入门试学,Francis,2018/5/24 0:00:00,22:33:48,Mazzy,已画
正式学员群-数据分析,【老孟班】5.24数据分析入门试学,Francis,2018/5/24 0:00:00,22:35:00,Francis,因为是翻译的，所以那个没问题的。所以2是对的。
正式学员群-数据分析,【老孟班】5.24数据分析入门试学,Francis,2018/5/24 0:00:00,22:35:56,Francis,咱们再看你选择的2个，一个说是均值、一个说是众数是最佳度量。都叫最佳了，为啥两个都选了[流泪]
正式学员群-数据分析,【老孟班】5.24数据分析入门试学,Francis,2018/5/24 0:00:00,22:36:44,Francis,@Mazzy 上海 其实题里面，3个最佳都不选。因为么，要看情况，才知道那个是最佳度量。
正式学员群-数据分析,【老孟班】5.24数据分析入门试学,Francis,2018/5/24 0:00:00,22:36:48,Mazzy,??两个重意了...
正式学员群-数据分析,【老孟班】5.24数据分析入门试学,Francis,2018/5/24 0:00:00,22:37:42,Mazzy,可以解释一下吗？
正式学员群-数据分析,【老孟班】5.24数据分析入门试学,Francis,2018/5/24 0:00:00,22:38:00,Francis,举个例子。如果是看收入，那么我觉得看中值比较好。因为平均值在有的时候没有意义，比如我的收入和马云大大的平均一下，我是不是就高大上了？显然没有
正式学员群-数据分析,【老孟班】5.24数据分析入门试学,Francis,2018/5/24 0:00:00,22:39:56,Mazzy,[强][强][强]got!
正式学员群-数据分析,【老孟班】5.24数据分析入门试学,Francis,2018/5/24 0:00:00,22:40:38,Francis,但如果饭馆看10个菜，那个卖的最好。显然是看众数。把众数最大的那个菜（比如说宫保鸡丁买了100份），涨2块。再把（卖的差的鱼香肉丝10份）降2块。菜谱上看着差不多，可以收入多了100*2 - 10*2 = 180元！
正式学员群-数据分析,【老孟班】5.24数据分析入门试学,Francis,2018/5/24 0:00:00,22:41:46,Francis,最后如果是年龄这种，显然是平均数更好。比如说根据面相看，我觉得uda的小姐姐们，平均年龄也就18岁，非常适合单身的男青年过去求职 ：）
正式学员群-数据分析,【老孟班】5.24数据分析入门试学,Francis,2018/5/24 0:00:00,22:42:25,Francis,所以答案是这个样子滴！
正式学员群-数据分析,【老孟班】5.24数据分析入门试学,Francis,2018/5/24 0:00:00,22:43:39,Mazzy,好，我之前做排除法，完全不选的是1、4、5
正式学员群-数据分析,【老孟班】5.24数据分析入门试学,Francis,2018/5/24 0:00:00,22:44:05,Mazzy,其它就不理解，或者我理解多想了。
正式学员群-数据分析,【老孟班】5.24数据分析入门试学,Francis,2018/5/24 0:00:00,22:44:37,Francis,统计还是很有意思的，而且很有用[坏笑]
正式学员群-数据分析,【老孟班】5.24数据分析入门试学,Francis,2018/5/24 0:00:00,22:45:55,Francis,@单文慧+郑州 没关系，休息好也很重要，如果有时间可以5分钟浏览下，明天早起看更好理解
正式学员群-数据分析,【老孟班】5.24数据分析入门试学,Francis,2018/5/24 0:00:00,22:49:47,Francis,@胡圣 宁波 @小鲍-上海 @刘畅Sunny+浙江乌镇 @金子君 上海 4位同学，你们teambition还没有画勾勾，遇到了什么困难了么？也可以私信我，咱们今天搞定它[机智]
正式学员群-数据分析,【老孟班】5.24数据分析入门试学,Francis,2018/5/24 0:00:00,22:50:57,Gin.,有个小问题 怎么画勾勾[擦汗][擦汗]
正式学员群-数据分析,【老孟班】5.24数据分析入门试学,Francis,2018/5/24 0:00:00,22:51:16,甲乙,同问
正式学员群-数据分析,【老孟班】5.24数据分析入门试学,Francis,2018/5/24 0:00:00,22:51:55,Francis,@所有人 还有B组的同学都没画勾！你们能不能可怜一下我1000度近视的眼珠子！
正式学员群-数据分析,【老孟班】5.24数据分析入门试学,Francis,2018/5/24 0:00:00,22:51:57,💍＇徐徐徐雯佳,@助教-老孟?助教，我来啦，大概意思我知道了，我是要下python的几个软件么
正式学员群-数据分析,【老孟班】5.24数据分析入门试学,Francis,2018/5/24 0:00:00,22:52:12,💍＇徐徐徐雯佳,点任务前那个小框框
正式学员群-数据分析,【老孟班】5.24数据分析入门试学,Francis,2018/5/24 0:00:00,22:52:13,Gin.,我发现使用app比课难[捂脸]
正式学员群-数据分析,【老孟班】5.24数据分析入门试学,Francis,2018/5/24 0:00:00,22:52:29,Francis,刚才助教崩溃了，，，大家忽略就好，，，重启中，，，，，，，，
正式学员群-数据分析,【老孟班】5.24数据分析入门试学,Francis,2018/5/24 0:00:00,22:52:56,Francis,对，进到里面。点那个框框，就划上了
正式学员群-数据分析,【老孟班】5.24数据分析入门试学,Francis,2018/5/24 0:00:00,22:53:03,Gin.,为啥我点在别人后边了
正式学员群-数据分析,【老孟班】5.24数据分析入门试学,Francis,2018/5/24 0:00:00,22:53:21,💍＇徐徐徐雯佳,你认领了我的任务[捂脸][捂脸]
正式学员群-数据分析,【老孟班】5.24数据分析入门试学,Francis,2018/5/24 0:00:00,22:53:31,💍＇徐徐徐雯佳,可以取消的好像
正式学员群-数据分析,【老孟班】5.24数据分析入门试学,Francis,2018/5/24 0:00:00,22:53:47,💍＇徐徐徐雯佳,就是我下面那样点勾就行了
正式学员群-数据分析,【老孟班】5.24数据分析入门试学,Francis,2018/5/24 0:00:00,22:53:52,Francis,嗯，是这样的，我去改一下。不认领的话谁都可以来的，先到先得。
正式学员群-数据分析,【老孟班】5.24数据分析入门试学,Francis,2018/5/24 0:00:00,22:53:59,Gin.,我这样就ok了吗？
正式学员群-数据分析,【老孟班】5.24数据分析入门试学,Francis,2018/5/24 0:00:00,22:54:33,Francis,点了后，会跑到列表下面。
正式学员群-数据分析,【老孟班】5.24数据分析入门试学,Francis,2018/5/24 0:00:00,22:54:44,Francis,要点一下前面那个空的框框
正式学员群-数据分析,【老孟班】5.24数据分析入门试学,Francis,2018/5/24 0:00:00,22:55:12,Gin.,成功了
正式学员群-数据分析,【老孟班】5.24数据分析入门试学,Francis,2018/5/24 0:00:00,22:55:36,Gin.,老年人不好适应啊 我还要把你的那个取消对吗@徐雯佳 海口
正式学员群-数据分析,【老孟班】5.24数据分析入门试学,Francis,2018/5/24 0:00:00,22:56:47,Francis,我来改吧@金子君 上海
正式学员群-数据分析,【老孟班】5.24数据分析入门试学,Francis,2018/5/24 0:00:00,22:57:04,💍＇徐徐徐雯佳,[捂脸][捂脸]我去认领任务
正式学员群-数据分析,【老孟班】5.24数据分析入门试学,Francis,2018/5/24 0:00:00,22:57:21,Gin.,把我的第二项也改了吧 我多打了个今天勾[捂脸]@助教-老孟
正式学员群-数据分析,【老孟班】5.24数据分析入门试学,Francis,2018/5/24 0:00:00,22:57:23,Gin.,求包涵
正式学员群-数据分析,【老孟班】5.24数据分析入门试学,Francis,2018/5/24 0:00:00,22:57:55,刘畅Sunny,助教如果看完了前四节的视频课程并完成相应练习，算是完成今天的任务1了吗，不太明白有些惶恐
正式学员群-数据分析,【老孟班】5.24数据分析入门试学,Francis,2018/5/24 0:00:00,22:58:11,Francis,ok了，只要没认领都可以自己改的。哈哈。就是对自己的一个督促。
正式学员群-数据分析,【老孟班】5.24数据分析入门试学,Francis,2018/5/24 0:00:00,22:58:50,Francis,完成了，我那个截图比预计多了一个，可以点了，明天按要求多看点就ok了@刘畅Sunny+浙江乌镇
正式学员群-数据分析,【老孟班】5.24数据分析入门试学,Francis,2018/5/24 0:00:00,22:59:10,刘畅Sunny,好的
正式学员群-数据分析,【老孟班】5.24数据分析入门试学,Francis,2018/5/24 0:00:00,23:01:15,Francis,明天大家把剩下的内容看完，并下载项目文件，回答项目文件中的问题1和2就可以了。加油！@所有人 teambition的有问题速速找我。有的同学今天出现的比较少，有问题可以私信我。明天我应该5点以后都在，可以语音辅导。大家加油啊！
正式学员群-数据分析,【老孟班】5.24数据分析入门试学,Francis,2018/5/24 0:00:00,23:04:08,💍＇徐徐徐雯佳,助教，python中包我要下载么现阶段？
正式学员群-数据分析,【老孟班】5.24数据分析入门试学,Francis,2018/5/24 0:00:00,23:05:48,QT Chiu,我点击了好多次任务前的框，完全没反应
正式学员群-数据分析,【老孟班】5.24数据分析入门试学,Francis,2018/5/24 0:00:00,23:05:52,QT Chiu,这是什么情况
正式学员群-数据分析,【老孟班】5.24数据分析入门试学,Francis,2018/5/24 0:00:00,23:08:34,Francis,@徐雯佳 海口 不用，试学项目都在uda网站中完成，看得懂就行
正式学员群-数据分析,【老孟班】5.24数据分析入门试学,Francis,2018/5/24 0:00:00,23:08:56,Francis,我去看看啊@仇倩婷 上海
正式学员群-数据分析,【老孟班】5.24数据分析入门试学,Francis,2018/5/24 0:00:00,23:09:36,QT Chiu,好的
正式学员群-数据分析,【老孟班】5.24数据分析入门试学,Francis,2018/5/24 0:00:00,23:10:20,Francis,我这里可以点的，比较奇怪，明天重启手机再试吧，今天我给你点上，主要经历放在课程上?? @仇倩婷 上海
正式学员群-数据分析,【老孟班】5.24数据分析入门试学,Francis,2018/5/24 0:00:00,23:11:23,QT Chiu,是因为我用英文版本吗[捂脸]，真的点击了几百遍毫无反应
正式学员群-数据分析,【老孟班】5.24数据分析入门试学,Francis,2018/5/24 0:00:00,23:11:41,Gin.,好像要先点进去认领任务才能点
正式学员群-数据分析,【老孟班】5.24数据分析入门试学,Francis,2018/5/24 0:00:00,23:12:47,QT Chiu,领任务在哪里呀，点进去也没按钮呢
正式学员群-数据分析,【老孟班】5.24数据分析入门试学,Francis,2018/5/24 0:00:00,23:13:46,Gin.,第一个
正式学员群-数据分析,【老孟班】5.24数据分析入门试学,Francis,2018/5/24 0:00:00,23:14:01,Gin.,set executor 把自己选上
正式学员群-数据分析,【老孟班】5.24数据分析入门试学,Francis,2018/5/24 0:00:00,23:14:09,QT Chiu,这样啊
正式学员群-数据分析,【老孟班】5.24数据分析入门试学,Francis,2018/5/24 0:00:00,23:14:13,QT Chiu,我试试
正式学员群-数据分析,【老孟班】5.24数据分析入门试学,Francis,2018/5/24 0:00:00,23:15:15,QT Chiu,可以了，谢谢同学
正式学员群-数据分析,【老孟班】5.24数据分析入门试学,Francis,2018/5/24 0:00:00,23:16:30,Francis,点小人那里。因为我是都能点，疏忽这个了。大家要先领任务，再点完成@所有人 还有比较晚了，我就不再@了，请大家一定完成自己的任务。@我的话，我能到1:00，明天早起7:00-8：00也在。大家加油[强]
正式学员群-数据分析,【老孟班】5.24数据分析入门试学,Francis,2018/5/24 0:00:00,23:17:50,Francis,@戴逸骅 Jester 你还没有点，遇到问题了么？需要的话随时私信我
正式学员群-数据分析,【老孟班】5.24数据分析入门试学,Francis,2018/5/24 0:00:00,23:18:44,Francis,@单文慧+郑州 @苏楠 北京 二位同学也没有点，请联系我[耶]
正式学员群-数据分析,【老孟班】5.24数据分析入门试学,Francis,2018/5/24 0:00:00,23:19:37,苏 南,点啥
正式学员群-数据分析,【老孟班】5.24数据分析入门试学,Francis,2018/5/24 0:00:00,23:19:41,苏 南,[捂脸]??
正式学员群-数据分析,【老孟班】5.24数据分析入门试学,Francis,2018/5/24 0:00:00,23:19:52,Francis,@胡圣 宁波 @王健 - 上海 @小鲍-上海 3位同学也要点啊。
正式学员群-数据分析,【老孟班】5.24数据分析入门试学,Francis,2018/5/24 0:00:00,23:20:38,Francis,teambition的任务，做完了要画勾勾的。遇到问题了么？如果做完了，我可以给你点的?? @苏楠 北京
正式学员群-数据分析,【老孟班】5.24数据分析入门试学,Francis,2018/5/24 0:00:00,23:23:07,Jester,@助教-老孟?我还在看，没有看完
正式学员群-数据分析,【老孟班】5.24数据分析入门试学,Francis,2018/5/24 0:00:00,23:23:37,Francis,@戴逸骅 Jester?加油，我等你到1:00[奋斗]
正式学员群-数据分析,【老孟班】5.24数据分析入门试学,Francis,2018/5/24 0:00:00,23:42:21,鲍小栋Ben,还在看
正式学员群-数据分析,【老孟班】5.24数据分析入门试学,Francis,2018/5/24 0:00:00,23:42:32,鲍小栋Ben,@助教-老孟?要晚些时候哈
正式学员群-数据分析,【老孟班】5.24数据分析入门试学,Francis,2018/5/24 0:00:00,23:45:09,苏 南,"13:   
print （'hello'）
os.system('pause'）                  -->"
正式学员群-数据分析,【老孟班】5.24数据分析入门试学,Francis,2018/5/24 0:00:00,23:45:13,苏 南,是这个意思吗
正式学员群-数据分析,【老孟班】5.24数据分析入门试学,Francis,2018/5/24 0:00:00,23:53:13,Francis,@小鲍-上海?没问题，等你到1:00
正式学员群-数据分析,【老孟班】5.24数据分析入门试学,Francis,2018/5/24 0:00:00,23:57:14,Francis,@苏楠 北京?只用 print（“Hello”）就OK了。要注意小括号括起来。
正式学员群-数据分析,【老孟班】5.24数据分析入门试学,Francis,2018/5/24 0:00:00,23:58:16,苏 南,thank you 老师
正式学员群-数据分析,【老孟班】5.24数据分析入门试学,Francis,2018/5/25 0:00:00,00:02:52,鲍小栋Ben,@助教-老孟?老师你帮我打个勾哈，刚看完了
正式学员群-数据分析,【老孟班】5.24数据分析入门试学,Francis,2018/5/25 0:00:00,00:03:09,鲍小栋Ben,我没下APP，用微信打开的
正式学员群-数据分析,【老孟班】5.24数据分析入门试学,Francis,2018/5/25 0:00:00,00:03:16,鲍小栋Ben,好像打不了勾
正式学员群-数据分析,【老孟班】5.24数据分析入门试学,Francis,2018/5/25 0:00:00,00:03:51,Francis,OK，要先认领任务才能打勾，我去打[坏笑]@小鲍-上海
正式学员群-数据分析,【老孟班】5.24数据分析入门试学,Francis,2018/5/25 0:00:00,00:04:18,chocolate,老师我的打勾成功了吧[奸笑]
正式学员群-数据分析,【老孟班】5.24数据分析入门试学,Francis,2018/5/25 0:00:00,00:04:24,Francis,@苏楠 北京?不客气，加油加油??
正式学员群-数据分析,【老孟班】5.24数据分析入门试学,Francis,2018/5/25 0:00:00,00:04:27,chocolate,今天的任务就是看视频吗[嘿哈]
正式学员群-数据分析,【老孟班】5.24数据分析入门试学,Francis,2018/5/25 0:00:00,00:05:47,Francis,@乔勇 广州???了，还有视频中的小联系啊。明天可以看项目文件了[坏笑]
正式学员群-数据分析,【老孟班】5.24数据分析入门试学,Francis,2018/5/25 0:00:00,00:05:58,Francis,@小鲍-上海?你的也??了
正式学员群-数据分析,【老孟班】5.24数据分析入门试学,Francis,2018/5/25 0:00:00,00:17:27,Jester,看完了，但是teambition的任务似乎是项目中的内容啊
正式学员群-数据分析,【老孟班】5.24数据分析入门试学,Francis,2018/5/25 0:00:00,00:17:45,Jester,暂时还没有开始项目，明天打钩吧
正式学员群-数据分析,【老孟班】5.24数据分析入门试学,Francis,2018/5/25 0:00:00,00:24:52,Francis,@戴逸骅 Jester?之前的说明是有些涉及的。明天看到一样的。好好休息，明天加油肝[奋斗]
正式学员群-数据分析,【老孟班】5.24数据分析入门试学,Francis,2018/5/25 0:00:00,08:29:09,Francis,@所有人 大家早上好，今天的目标是完成。7.标准库和函数部分（重在理解）。并且开始看第二部分，实战项目的内容。大家看完了就可以在里面的项目工作区准备开始写项目文件了[悠闲]。
正式学员群-数据分析,【老孟班】5.24数据分析入门试学,Francis,2018/5/25 0:00:00,08:30:29,Francis,@所有人 今天着重在，项目文件的熟悉和尝试完成。以及所有非选学的理解。大家加油[强]
正式学员群-数据分析,【老孟班】5.24数据分析入门试学,Francis,2018/5/25 0:00:00,10:29:12,Udacity-Celia,【一对一】同学们好，大家有什么问题，可以跟助教私聊，预约一对一辅导[鼓掌]
正式学员群-数据分析,【老孟班】5.24数据分析入门试学,Francis,2018/5/25 0:00:00,10:31:23,Francis,@所有人 欢迎欢迎，今天17:00以后都在电脑旁边。那里有问题咱们说那里。大家加油！今天争取能开始浏览项目文件。刚开始东西比较多，大家坚持住，加油肝[机智][拳头]
正式学员群-数据分析,【老孟班】5.24数据分析入门试学,Francis,2018/5/25 0:00:00,11:52:57,登山看景,@助教-老孟?我还没有安装python有工具包吗，分享一下。
正式学员群-数据分析,【老孟班】5.24数据分析入门试学,Francis,2018/5/25 0:00:00,11:54:31,Francis,@周鹏深圳?7天课程不用安装的，都是在uda网站完成的。等入门课里在再安装。
正式学员群-数据分析,【老孟班】5.24数据分析入门试学,Francis,2018/5/25 0:00:00,11:55:59,Gin.,话说入门课现在是不是很难报上[嘿哈]
正式学员群-数据分析,【老孟班】5.24数据分析入门试学,Francis,2018/5/25 0:00:00,12:02:01,Uda-Beauty,@金子君 上海 嘿嘿嘿～这个问题我来回答你哦～
正式学员群-数据分析,【老孟班】5.24数据分析入门试学,Francis,2018/5/25 0:00:00,12:03:43,Uda-Beauty,因为正式班的席位是有限的，所以试学班通关才会自动锁定正式班席位，所以现在小仙女的目标就是，跟上进度，甚至提前，然后锁定席位哦～
正式学员群-数据分析,【老孟班】5.24数据分析入门试学,Francis,2018/5/25 0:00:00,12:09:53,Gin.,也就是保送
正式学员群-数据分析,【老孟班】5.24数据分析入门试学,Francis,2018/5/25 0:00:00,12:11:21,Uda-Beauty,@金子君 上海 你好聪明，不过也因为有限，一旦席位锁定完。。。就。。。emmm。。。。我加了你，我们私聊～
正式学员群-数据分析,【老孟班】5.24数据分析入门试学,Francis,2018/5/25 0:00:00,12:12:12,Jester,也就是说拼命完成试学班就能保送报名了？[可怜]
正式学员群-数据分析,【老孟班】5.24数据分析入门试学,Francis,2018/5/25 0:00:00,12:12:15,Gin.,早告诉我们激励我们加快进度啊[呲牙]
正式学员群-数据分析,【老孟班】5.24数据分析入门试学,Francis,2018/5/25 0:00:00,12:50:28,Francis,@所有人 大家午后好，吃过午饭，我们可以看看今天的每日一题了，请同学们接招！之后，我会用10分钟解释下项目的内容，请大家记得2点：1、优先完成项目，试学过后所有内容都可以重看。现在不要太纠结一些比较复杂的概念。2、在看项目的时候，回看内容，搜索和讨论非常正常。@所有人
正式学员群-数据分析,【老孟班】5.24数据分析入门试学,Francis,2018/5/25 0:00:00,12:52:20,登山看景,1.不能这样写，必须有下划线。
正式学员群-数据分析,【老孟班】5.24数据分析入门试学,Francis,2018/5/25 0:00:00,12:53:55,Francis,@周鹏深圳 [强]真快，正解。因为空格在编程语言中是分割的意思。电脑比较傻的，大家体谅一下[呲牙]
正式学员群-数据分析,【老孟班】5.24数据分析入门试学,Francis,2018/5/25 0:00:00,12:57:28,Francis,同学们，对于新接触编程语言，大家这2天会学很多新知识，是一个非常难的突破，为你们鼓掌[强]。咱们的课程是7天呢，坚持就有收获。今天的目标是大家打开项目文件，并且回答前面的问题。如果遇到不懂的内容再去课程里补或者回看都可以。接下来我截图讲一下项目前面的内容：
正式学员群-数据分析,【老孟班】5.24数据分析入门试学,Francis,2018/5/25 0:00:00,13:01:02,Francis,1. 首先是项目简介。大家在项目中按照1-5部分完成文件后提交就OK了。其实很多就是填空，写的东西不是多，大家以看懂为前提。
正式学员群-数据分析,【老孟班】5.24数据分析入门试学,Francis,2018/5/25 0:00:00,13:02:35,Francis,2. 接下来，直接打开3.项目工作区。这里面就是我们编写项目报告的地方。（如果对pm2.5的背景不熟悉可可以看看2.项目说明）
正式学员群-数据分析,【老孟班】5.24数据分析入门试学,Francis,2018/5/25 0:00:00,13:09:43,Francis,3. 我们下拉文件，先讲下昨天同学问到的一个问题，观察数据这个部分写的都是什么？大家看截图。观察数据下面有一列数据介绍：No：行号，year：年份。其实这些就是记录一次pm2.5数据的时候会产生的记录。看着非常多，对吧。但是不是所有的分析时候都用得到。比如我要知道测量的时间，那么年、月、日。PM可定也是需要的。那其他的呢，用不到！！！
正式学员群-数据分析,【老孟班】5.24数据分析入门试学,Francis,2018/5/25 0:00:00,13:10:27,Francis,分析那一块，就用那一块的数据就好了[偷笑]
正式学员群-数据分析,【老孟班】5.24数据分析入门试学,Francis,2018/5/25 0:00:00,13:13:24,Francis,4.接下来，我们就要双击“将此文本替换”输入你想到的问题1，和问题2，就好了。这里输入的是markdown方式，和文本差不多。输入后shift+enter样子就变好看了。
正式学员群-数据分析,【老孟班】5.24数据分析入门试学,Francis,2018/5/25 0:00:00,13:16:34,Francis,接下来的数据整理和数据筛选，我们晚上讲讲。大家先去看看吧。当你觉得有点头痛的时候，正是突破的时候，大家加油！有班主任和我，我们一起努！
正式学员群-数据分析,【老孟班】5.24数据分析入门试学,Francis,2018/5/25 0:00:00,13:19:23,Francis,markdown那个就当记事本用就好了，如果感兴趣，可以看这个：https://www.jianshu.com/p/bcc4031c9c75
正式学员群-数据分析,【老孟班】5.24数据分析入门试学,Francis,2018/5/25 0:00:00,15:31:02,Francis,@所有人 今天是周五，我晚17:00-24:00守在电脑前面，请同学们安排好时间继续加油。也知道大家特别忙，明天也有时间再补知识，但咱们约好明天晚上项目讲解不见不散[机智]。项目讲解明天20:00-21:00。答疑辅导21:00-1:00。周末好时光，不学闷得慌[阴险]
正式学员群-数据分析,【老孟班】5.24数据分析入门试学,Francis,2018/5/25 0:00:00,15:31:17,鲍小栋Ben,好的
正式学员群-数据分析,【老孟班】5.24数据分析入门试学,Francis,2018/5/25 0:00:00,15:37:39,Udacity-Celia,跟之前开班仪式一样，提前会有消息跳出来的
正式学员群-数据分析,【老孟班】5.24数据分析入门试学,Francis,2018/5/25 0:00:00,15:37:47,Udacity-Celia,同学们点击进入就可以啦
正式学员群-数据分析,【老孟班】5.24数据分析入门试学,Francis,2018/5/25 0:00:00,15:54:09,Francis,@所有人 大家也可以约我1:1，私信我你方便的时间[阴险]另外，teambition的是按项目的平均进度安排的，有出入也没有关系，重点在这两天。大家加油??[悠闲]
正式学员群-数据分析,【老孟班】5.24数据分析入门试学,Francis,2018/5/25 0:00:00,16:05:01,夏秋冬春,这里什么意思？是写代码吗   不是markdown写文本？
正式学员群-数据分析,【老孟班】5.24数据分析入门试学,Francis,2018/5/25 0:00:00,16:11:19,Udacity-Celia,@助教-老孟
正式学员群-数据分析,【老孟班】5.24数据分析入门试学,Francis,2018/5/25 0:00:00,16:14:21,Francis,@胡圣 宁波?你现在这个切换到了code cell模式，所以程序按照代码去执行了。会报错。 在右上角有个点击可以改成markdown cell。就没问题了。
正式学员群-数据分析,【老孟班】5.24数据分析入门试学,Francis,2018/5/25 0:00:00,16:15:21,夏秋冬春,好了
正式学员群-数据分析,【老孟班】5.24数据分析入门试学,Francis,2018/5/25 0:00:00,16:16:28,Francis,就是我画上的这里。那就好。jupyter 这个软件的厉害之处就是可以写记录，又能编代码。特别适合数据分析写报告[悠闲]
正式学员群-数据分析,【老孟班】5.24数据分析入门试学,Francis,2018/5/25 0:00:00,16:40:02,Francis,@所有人 哎瑞巴蒂，大家项目文件的问题1和问题2写出来了没？要截图给我看哟[悠闲]等你们[阴险]
正式学员群-数据分析,【老孟班】5.24数据分析入门试学,Francis,2018/5/25 0:00:00,17:09:52,Francis,@徐雯佳 海口?[强]对的。第二个问题，解决代码会有小循环。晚上我会讲（到时候如果感觉不好，可以换问题的??
正式学员群-数据分析,【老孟班】5.24数据分析入门试学,Francis,2018/5/25 0:00:00,17:10:30,💍＇徐徐徐雯佳,??????好的
正式学员群-数据分析,【老孟班】5.24数据分析入门试学,Francis,2018/5/25 0:00:00,17:26:07,Francis,@胡圣 宁波?[强]不错不错
正式学员群-数据分析,【老孟班】5.24数据分析入门试学,Francis,2018/5/25 0:00:00,17:51:06,💍＇徐徐徐雯佳,为啥会这样？？
正式学员群-数据分析,【老孟班】5.24数据分析入门试学,Francis,2018/5/25 0:00:00,17:58:22,QT Chiu,@助教-老孟?这样可以吗
正式学员群-数据分析,【老孟班】5.24数据分析入门试学,Francis,2018/5/25 0:00:00,18:02:47,Francis,@仇倩婷 上海?问题非常好??。第二个问题涉及到了温度和PM了，引用两个变量的代码会复杂点。建议只考虑pm参数。过了项目再回来看。
正式学员群-数据分析,【老孟班】5.24数据分析入门试学,Francis,2018/5/25 0:00:00,18:08:49,QT Chiu,意思是先不要涉及两个变量对吧
正式学员群-数据分析,【老孟班】5.24数据分析入门试学,Francis,2018/5/25 0:00:00,18:44:18,Francis,对的??
正式学员群-数据分析,【老孟班】5.24数据分析入门试学,Francis,2018/5/25 0:00:00,19:51:05,Francis,@所有人 孩儿们，，哦不，，学生们，大家项目的问题1，2看的怎么样了？今天周五，不知道忙碌的你几点能进入到学习状态。周3大家可都是承诺过的，自己应的，就要自己完成[奋斗]。如果前面有问题的可以随时微信我。20:30我开始发后面的内容，大家抓紧呦[机智]
正式学员群-数据分析,【老孟班】5.24数据分析入门试学,Francis,2018/5/25 0:00:00,19:52:14,Francis,@戴逸骅 Jester???。看来是家住东四环[阴险]。
正式学员群-数据分析,【老孟班】5.24数据分析入门试学,Francis,2018/5/25 0:00:00,19:55:28,Francis,@徐雯佳 海口?因为引号是中文的
正式学员群-数据分析,【老孟班】5.24数据分析入门试学,Francis,2018/5/25 0:00:00,19:56:04,Francis,@徐雯佳 海口?所有代码里的符号都要是英文输入法下输入的
正式学员群-数据分析,【老孟班】5.24数据分析入门试学,Francis,2018/5/25 0:00:00,19:56:39,Jester,@助教-老孟?家住南方，但是那个时期在北京[调皮]
正式学员群-数据分析,【老孟班】5.24数据分析入门试学,Francis,2018/5/25 0:00:00,19:57:12,Jester,怎么能在数据分析课程上泄露个人信息呢，太不专业了[调皮]
正式学员群-数据分析,【老孟班】5.24数据分析入门试学,Francis,2018/5/25 0:00:00,19:57:13,💍＇徐徐徐雯佳,哦哦哦
正式学员群-数据分析,【老孟班】5.24数据分析入门试学,Francis,2018/5/25 0:00:00,19:57:42,💍＇徐徐徐雯佳,"我再试试,"
正式学员群-数据分析,【老孟班】5.24数据分析入门试学,Francis,2018/5/25 0:00:00,19:58:41,Francis,数据分析师就是这样偷偷摸摸的了解大家的，所以公司才要这样的人才啊。我是一个数据敏感的男人[悠闲]
正式学员群-数据分析,【老孟班】5.24数据分析入门试学,Francis,2018/5/25 0:00:00,20:07:12,💍＇徐徐徐雯佳,为啥还是那样[捂脸][捂脸]
正式学员群-数据分析,【老孟班】5.24数据分析入门试学,Francis,2018/5/25 0:00:00,20:09:21,Francis,@徐雯佳 海口 新的截图给我看下，单引号都是英文的输入了么？
正式学员群-数据分析,【老孟班】5.24数据分析入门试学,Francis,2018/5/25 0:00:00,20:11:26,Francis,一般解决这种问题，就是切换到英文输入法，都删掉，重新输入。因为比较难看出来。@徐雯佳 海口
正式学员群-数据分析,【老孟班】5.24数据分析入门试学,Francis,2018/5/25 0:00:00,20:15:21,💍＇徐徐徐雯佳,我再试一下
正式学员群-数据分析,【老孟班】5.24数据分析入门试学,Francis,2018/5/25 0:00:00,20:15:56,Francis,不行截大图给我
正式学员群-数据分析,【老孟班】5.24数据分析入门试学,Francis,2018/5/25 0:00:00,20:19:16,💍＇徐徐徐雯佳,又变成这样了
正式学员群-数据分析,【老孟班】5.24数据分析入门试学,Francis,2018/5/25 0:00:00,20:22:02,Francis,"[强]已经进步了，报错说的是 name pd is not defined，就是说代码里的pd找不到。
需要在这段代码之前引入一个库：
import padnas as pd
再执行就能找到pd了，因为刚刚引入了，试一下??"
正式学员群-数据分析,【老孟班】5.24数据分析入门试学,Francis,2018/5/25 0:00:00,20:22:35,💍＇徐徐徐雯佳,OK
正式学员群-数据分析,【老孟班】5.24数据分析入门试学,Francis,2018/5/25 0:00:00,20:26:40,Jester,想到了新的问题，更改一下
正式学员群-数据分析,【老孟班】5.24数据分析入门试学,Francis,2018/5/25 0:00:00,20:33:43,💍＇徐徐徐雯佳,出来了，请问助教这个图能往下翻么
正式学员群-数据分析,【老孟班】5.24数据分析入门试学,Francis,2018/5/25 0:00:00,20:36:39,夏秋冬春,"Head函数一般默认只能看前5行。
你要想看多，就head（  ）括号里填数字。
Head(10)就是看11行。"
正式学员群-数据分析,【老孟班】5.24数据分析入门试学,Francis,2018/5/25 0:00:00,20:40:10,Francis,@胡圣 宁波?正解。（）不填的话就是看5个。既然叫head就是看数据头的。@徐雯佳 海口?加油??
正式学员群-数据分析,【老孟班】5.24数据分析入门试学,Francis,2018/5/25 0:00:00,20:40:12,💍＇徐徐徐雯佳,??，谢谢
正式学员群-数据分析,【老孟班】5.24数据分析入门试学,Francis,2018/5/25 0:00:00,20:41:33,Francis,先发布下今天的答案。项目后续部分的讲解10分钟后开始，大家要努力??@所有人
正式学员群-数据分析,【老孟班】5.24数据分析入门试学,Francis,2018/5/25 0:00:00,20:48:41,Mazzy,"8.python的set和其他语言类似, 是一个无序不重复元素集, 基本功能包括关系测试和消除重复元素. set 顾明思义，就是个集合，集合的元素是唯一的，无序的。"
正式学员群-数据分析,【老孟班】5.24数据分析入门试学,Francis,2018/5/25 0:00:00,20:51:44,Jester,忘了每日一题[捂脸]不过确实不会
正式学员群-数据分析,【老孟班】5.24数据分析入门试学,Francis,2018/5/25 0:00:00,20:51:51,Jester,汇报错别字
正式学员群-数据分析,【老孟班】5.24数据分析入门试学,Francis,2018/5/25 0:00:00,20:51:57,💍＇徐徐徐雯佳,我也忘了[捂脸][捂脸]
正式学员群-数据分析,【老孟班】5.24数据分析入门试学,Francis,2018/5/25 0:00:00,20:57:35,Francis,数据清理部分的说明
正式学员群-数据分析,【老孟班】5.24数据分析入门试学,Francis,2018/5/25 0:00:00,21:09:59,Francis,清理数据部分，的简介到此结束，其他的还有几个清理，不用管，都写好了，明天视频课会讲一下。到此请同学们看看，那里没讲清楚，速速留言，这部分主要在看懂就行。@所有人
正式学员群-数据分析,【老孟班】5.24数据分析入门试学,Francis,2018/5/25 0:00:00,21:13:01,Francis,看明白以后，只用填一个代码空就行了：
正式学员群-数据分析,【老孟班】5.24数据分析入门试学,Francis,2018/5/25 0:00:00,21:13:09,Jester,问个问题：dropna()函数删除的是出现空值的所有行吗？
正式学员群-数据分析,【老孟班】5.24数据分析入门试学,Francis,2018/5/25 0:00:00,21:13:26,Francis,对的
正式学员群-数据分析,【老孟班】5.24数据分析入门试学,Francis,2018/5/25 0:00:00,21:14:01,Francis,这里不用深究，就是知道用这个方法，能够把空的干掉就行了，这样剩下的数据才质量比较高
正式学员群-数据分析,【老孟班】5.24数据分析入门试学,Francis,2018/5/25 0:00:00,21:14:32,Francis,上面那个图，大家填完以后，就可以回答问题2了。大家加油！
正式学员群-数据分析,【老孟班】5.24数据分析入门试学,Francis,2018/5/25 0:00:00,21:16:35,Jester,好吧…翻了下pandas的文档…看得头疼[捂脸]
正式学员群-数据分析,【老孟班】5.24数据分析入门试学,Francis,2018/5/25 0:00:00,21:17:05,Francis,"@我将在10点前发布项目第3部分的说明，请大家先消化并完成第二部分的内容。有问题请留言。如果比较困惑，大改我10:30后可以和大家音频，可以预约我时间。今天目标是争取完成项目的3个问题。大家加油[奋斗]
不过明天视频讲解的时候会都讲，没有太看懂也不会特别紧张。"
正式学员群-数据分析,【老孟班】5.24数据分析入门试学,Francis,2018/5/25 0:00:00,21:17:59,Francis,@戴逸骅 Jester pandas可是超丰富的库，在正式项目中会慢慢学习的[坏笑]
正式学员群-数据分析,【老孟班】5.24数据分析入门试学,Francis,2018/5/25 0:00:00,21:18:45,夏秋冬春,这个2  我是真的不会啊。老师讲一下
正式学员群-数据分析,【老孟班】5.24数据分析入门试学,Francis,2018/5/25 0:00:00,21:22:28,Francis,@胡圣 宁波 sorry，这个答案怎么是空的。看大小写，一个是c一个是C。dataframe中的字母是大小写敏感的。City 和 city是不同的。
正式学员群-数据分析,【老孟班】5.24数据分析入门试学,Francis,2018/5/25 0:00:00,21:29:28,Jester,我的结果
正式学员群-数据分析,【老孟班】5.24数据分析入门试学,Francis,2018/5/25 0:00:00,21:33:53,Francis,你的结果输出的是有的值，问题是缺了多少，需要用总量减一下[偷笑]@戴逸骅 Jester
正式学员群-数据分析,【老孟班】5.24数据分析入门试学,Francis,2018/5/25 0:00:00,21:34:50,QT Chiu,是像这样吗？
正式学员群-数据分析,【老孟班】5.24数据分析入门试学,Francis,2018/5/25 0:00:00,21:35:09,Jester,已经减过啦[调皮]
正式学员群-数据分析,【老孟班】5.24数据分析入门试学,Francis,2018/5/25 0:00:00,21:35:21,Jester,还偷懒用了EXCEL
正式学员群-数据分析,【老孟班】5.24数据分析入门试学,Francis,2018/5/25 0:00:00,21:36:00,Francis,对的，但是要注意是缺失值，要用总数减有的就对了。@仇倩婷 上海 很厉害么[呲牙]
正式学员群-数据分析,【老孟班】5.24数据分析入门试学,Francis,2018/5/25 0:00:00,21:36:20,QT Chiu,好
正式学员群-数据分析,【老孟班】5.24数据分析入门试学,Francis,2018/5/25 0:00:00,21:36:56,Francis,哈哈，其实前面有段代码可以算的，有点复杂，我跳过了。后续大家实际项目中就会用熟的。大家都很厉害，我去准备项目问题3的说明了。随时留言。
正式学员群-数据分析,【老孟班】5.24数据分析入门试学,Francis,2018/5/25 0:00:00,21:38:05,Jester,我自己试了一下，不太搞得懂dataframe的index是什么样的…等后面的课程学了再尝试代码吧
正式学员群-数据分析,【老孟班】5.24数据分析入门试学,Francis,2018/5/25 0:00:00,21:39:51,Francis,其实dataframe就是 key：value 一一对应的。有些复杂，正式课再研究吧。
正式学员群-数据分析,【老孟班】5.24数据分析入门试学,Francis,2018/5/25 0:00:00,21:41:02,Jester,相当于一个有序的dictionary？
正式学员群-数据分析,【老孟班】5.24数据分析入门试学,Francis,2018/5/25 0:00:00,21:48:39,Francis,也是无序的，就是功能更强大。key value的对应，决定了是无序的。因为找的话，都是根据key 去找 value，位置在哪里不重要。
正式学员群-数据分析,【老孟班】5.24数据分析入门试学,Francis,2018/5/25 0:00:00,21:51:59,Jester,关于这一部分
正式学员群-数据分析,【老孟班】5.24数据分析入门试学,Francis,2018/5/25 0:00:00,21:52:32,Jester,for内部似乎并没有用到inx的值嘛
正式学员群-数据分析,【老孟班】5.24数据分析入门试学,Francis,2018/5/25 0:00:00,21:52:35,Francis,@各位同学，大家好，项目的第三部分，里面包括了两个特别特别长的函数。今天的最后任务就是，看一遍第3部分。从‘数据筛选’看到问题3a，3b，3c。之后就可以休息了。看不懂没关系，明天我们会讲。注意两个函数看个大概，会用就可以了。可以尝试回答下问题3，明天下午我会解答。[悠闲]加油哦，今天的任务就到此为止。
正式学员群-数据分析,【老孟班】5.24数据分析入门试学,Francis,2018/5/25 0:00:00,21:56:30,Francis,@戴逸骅 Jester 观察的非常仔细么[强]，因为这里用的是另一种循环方式 enumerate，所以还是要写inx的。可以搜索下emunerate的文档看看??
正式学员群-数据分析,【老孟班】5.24数据分析入门试学,Francis,2018/5/25 0:00:00,22:06:19,Jester,因为以后用到的概率比较大，所以想问个题外的问题：数据分析的探索似乎用交互式的编译器更加方便，但是python自带的交互式编译器不太顺手…有什么推荐的工具吗？
正式学员群-数据分析,【老孟班】5.24数据分析入门试学,Francis,2018/5/25 0:00:00,22:17:04,Francis,spyder挺好用的，ananconda安装后自带，也可以自己安装
正式学员群-数据分析,【老孟班】5.24数据分析入门试学,Francis,2018/5/25 0:00:00,22:18:13,Francis,如果偏报告的话，本地安装jupyter notebook也很好用。ananconda自带。
正式学员群-数据分析,【老孟班】5.24数据分析入门试学,Francis,2018/5/25 0:00:00,22:29:54,Jester,[机智][机智]我就是用anaconda的，解决问题[奸笑]
正式学员群-数据分析,【老孟班】5.24数据分析入门试学,Francis,2018/5/26 0:00:00,08:03:21,Francis,@所有人 大家懒觉睡够了没，起来high了[机智]。因为是休息日，我就先发每日一题了，请同学们认领。13:00发布答案。今天15:00到-20:00项目答疑。20:00-21:00视频讲解项目。如果特别忙，尽量20:00-21:00来听[拳头]。其实周末事情也很多，请安排好自己的时间。大家加油??[坏笑][阴险]
正式学员群-数据分析,【老孟班】5.24数据分析入门试学,Francis,2018/5/26 0:00:00,08:33:11,chocolate,[OK]
正式学员群-数据分析,【老孟班】5.24数据分析入门试学,Francis,2018/5/26 0:00:00,08:57:18,苏 南,周末愉快
正式学员群-数据分析,【老孟班】5.24数据分析入门试学,Francis,2018/5/26 0:00:00,09:25:38,Udacity-Celia,周末愉快[愉快][愉快]助教大大辛苦啦[可怜][可怜][可怜]
正式学员群-数据分析,【老孟班】5.24数据分析入门试学,Francis,2018/5/26 0:00:00,09:26:39,Udacity-Celia,今天晚上八点到九点的公开课，大家记得来参加噢[太阳]助教大大会告诉你通关秘笈[嘘]
正式学员群-数据分析,【老孟班】5.24数据分析入门试学,Francis,2018/5/26 0:00:00,11:29:39,Mazzy,8:pandas中有两类非常重要的数据结构，即序列Series和数据框DataFrame。Series类似于numpy中的一维数组，除了通吃一维数组可用的函数或方法，而且其可通过索引标签的方式获取数据，还具有索引的自动对齐功能；DataFrame类似于numpy中的二维数组，同样可以通用numpy数组的函数和方法。
正式学员群-数据分析,【老孟班】5.24数据分析入门试学,Francis,2018/5/26 0:00:00,13:29:19,Francis,@所有人 这是今天每日一题的答案，大家看看是不是答对了[机智]下午有问题请在群里提，我晚上会重点讲一下[阴险]加油加油??
正式学员群-数据分析,【老孟班】5.24数据分析入门试学,Francis,2018/5/26 0:00:00,14:49:18,QT Chiu,16:mean函数用于计算平均值
正式学员群-数据分析,【老孟班】5.24数据分析入门试学,Francis,2018/5/26 0:00:00,14:56:30,Francis,@仇倩婷 上海?[强][坏笑]
正式学员群-数据分析,【老孟班】5.24数据分析入门试学,Francis,2018/5/26 0:00:00,15:31:33,Francis,@所有人，同学们，大家项目研究的怎么样了，有问题可要留言啊[坏笑]
正式学员群-数据分析,【老孟班】5.24数据分析入门试学,Francis,2018/5/26 0:00:00,16:03:11,Udacity-Celia,有没有同学已经暗搓搓的提交啦[奸笑]提交了可以告诉我哟[机智]
正式学员群-数据分析,【老孟班】5.24数据分析入门试学,Francis,2018/5/26 0:00:00,16:08:55,chocolate,老师请问这样为啥还会报错[捂脸]
正式学员群-数据分析,【老孟班】5.24数据分析入门试学,Francis,2018/5/26 0:00:00,16:09:06,chocolate,@助教-老孟
正式学员群-数据分析,【老孟班】5.24数据分析入门试学,Francis,2018/5/26 0:00:00,16:09:43,chocolate,是数据格式有什么限制吗[皱眉]
正式学员群-数据分析,【老孟班】5.24数据分析入门试学,Francis,2018/5/26 0:00:00,16:12:11,欧剃,感觉是 week 后面多了个空格
正式学员群-数据分析,【老孟班】5.24数据分析入门试学,Francis,2018/5/26 0:00:00,16:13:11,chocolate,还是提示有误，不过谢谢啦[嘿哈]
正式学员群-数据分析,【老孟班】5.24数据分析入门试学,Francis,2018/5/26 0:00:00,16:15:36,欧剃,再截图看看具体提示哪儿有误？
正式学员群-数据分析,【老孟班】5.24数据分析入门试学,Francis,2018/5/26 0:00:00,16:27:05,chocolate,That doesn't match my answer. Check that your string is formatted correctly and that you calculated the right total.
正式学员群-数据分析,【老孟班】5.24数据分析入门试学,Francis,2018/5/26 0:00:00,16:27:28,chocolate,只是说答案不匹配。。。但感觉一样啊。。
正式学员群-数据分析,【老孟班】5.24数据分析入门试学,Francis,2018/5/26 0:00:00,16:28:38,欧剃,你代码再截个图看看？你那行太长了看不到右边长啥样
正式学员群-数据分析,【老孟班】5.24数据分析入门试学,Francis,2018/5/26 0:00:00,16:29:25,chocolate,"mon_sales = float(mon_sales)
tues_sales = float(tues_sales)
wed_sales = float(wed_sales)
thurs_sales = float(thurs_sales)
fri_sales = float(fri_sales)
print(""This week 's total sales:"" + str(int(mon_sales+tues_sales+wed_sales+thurs_sales+fri_sales)));"
正式学员群-数据分析,【老孟班】5.24数据分析入门试学,Francis,2018/5/26 0:00:00,16:30:38,欧剃,为啥有分号。。。
正式学员群-数据分析,【老孟班】5.24数据分析入门试学,Francis,2018/5/26 0:00:00,16:30:50,欧剃,week 后面你有个空格啊
正式学员群-数据分析,【老孟班】5.24数据分析入门试学,Francis,2018/5/26 0:00:00,16:31:41,欧剃,题目是要 week's  你打的是 week 's   这样的。。。
正式学员群-数据分析,【老孟班】5.24数据分析入门试学,Francis,2018/5/26 0:00:00,16:32:01,欧剃,单引号前面空格去掉试试
正式学员群-数据分析,【老孟班】5.24数据分析入门试学,Francis,2018/5/26 0:00:00,16:32:43,chocolate,去了还是不行[捂脸]
正式学员群-数据分析,【老孟班】5.24数据分析入门试学,Francis,2018/5/26 0:00:00,16:33:34,chocolate,[捂脸][捂脸]
正式学员群-数据分析,【老孟班】5.24数据分析入门试学,Francis,2018/5/26 0:00:00,16:34:36,欧剃,这回你把 sales: 后面的空格也删了
正式学员群-数据分析,【老孟班】5.24数据分析入门试学,Francis,2018/5/26 0:00:00,16:34:52,欧剃,多删了了一个空格 [掩面][掩面]
正式学员群-数据分析,【老孟班】5.24数据分析入门试学,Francis,2018/5/26 0:00:00,16:40:54,Francis,@所有人 同学们，这是昨天发的项目讲解。大家一定要在晚上上课前理解做出来，加油??
正式学员群-数据分析,【老孟班】5.24数据分析入门试学,Francis,2018/5/26 0:00:00,17:42:32,甲乙,9. 报错，KeyError: 'PM_US Post'。改为'PM_US_Post'
正式学员群-数据分析,【老孟班】5.24数据分析入门试学,Francis,2018/5/26 0:00:00,18:51:48,Francis,@甲乙?[强]
正式学员群-数据分析,【老孟班】5.24数据分析入门试学,Francis,2018/5/26 0:00:00,19:54:26,Francis,@所有人 同学们，还有5分钟开始了，大家都来high啊[机智]快来加入教室[阴险]
正式学员群-数据分析,【老孟班】5.24数据分析入门试学,Francis,2018/5/26 0:00:00,20:02:07,Francis,@所有人 大家快加入战斗！
正式学员群-数据分析,【老孟班】5.24数据分析入门试学,Francis,2018/5/26 0:00:00,20:03:32,Udacity-Celia,大家赶快进教室啦
正式学员群-数据分析,【老孟班】5.24数据分析入门试学,Francis,2018/5/26 0:00:00,20:05:51,秋然元悦,火车上
正式学员群-数据分析,【老孟班】5.24数据分析入门试学,Francis,2018/5/26 0:00:00,20:20:32,Jester,"11.问题：pandas的dataframe有很多方法的参数有axis一项，如何理解axis=0和axis=1？
回答：axis=0意味着对行进行操作，axis=1意味着对列进行操作；如df.dropna(0)，相当于删除有空值的行，df.dropna(1)会删除有空值的列"
正式学员群-数据分析,【老孟班】5.24数据分析入门试学,Francis,2018/5/26 0:00:00,20:21:42,Jester,从数据量的角度应该选米国的…但是说不定本地气象站数值更准确呢
正式学员群-数据分析,【老孟班】5.24数据分析入门试学,Francis,2018/5/26 0:00:00,21:14:22,Francis,主要是米国的数据缺失比较少
正式学员群-数据分析,【老孟班】5.24数据分析入门试学,Francis,2018/5/26 0:00:00,21:16:01,Francis,@所有人 大家赶紧写项目吧，有问题随时@我，今天和明天我都能到1:00。和大家一起战斗[机智][奋斗]
正式学员群-数据分析,【老孟班】5.24数据分析入门试学,Francis,2018/5/26 0:00:00,21:18:00,Udacity-Celia,感谢我们的助教大大[抱拳][抱拳][抱拳]
正式学员群-数据分析,【老孟班】5.24数据分析入门试学,Francis,2018/5/26 0:00:00,21:19:00,Udacity-Celia,同学们听过之后好好消化一下，做起项目来就很轻松啦[愉快]等你们完成的好消息[玫瑰]
正式学员群-数据分析,【老孟班】5.24数据分析入门试学,Francis,2018/5/26 0:00:00,21:26:48,Francis,@所有人 周末别人在休息，同学们在做自己数据分析的第一个项目，都是好样的，大家加油，通过了就能永远回看，还能得到证书呢[可怜][阴险][悠闲]
正式学员群-数据分析,【老孟班】5.24数据分析入门试学,Francis,2018/5/26 0:00:00,21:29:06,Jester,话说颜色对应的英文可以发上来不？[呲牙]
正式学员群-数据分析,【老孟班】5.24数据分析入门试学,Francis,2018/5/26 0:00:00,21:29:19,Jester,@助教-老孟
正式学员群-数据分析,【老孟班】5.24数据分析入门试学,Francis,2018/5/26 0:00:00,21:29:55,Francis,哦对了，马上啊
正式学员群-数据分析,【老孟班】5.24数据分析入门试学,Francis,2018/5/26 0:00:00,21:30:50,Francis,https://codeday.me/bug/20170512/14680.html
正式学员群-数据分析,【老孟班】5.24数据分析入门试学,Francis,2018/5/26 0:00:00,21:31:28,Francis,其实可以写颜色码的，不过我喜欢写名字，比较文艺的都这样[奸笑]
正式学员群-数据分析,【老孟班】5.24数据分析入门试学,Francis,2018/5/26 0:00:00,21:34:42,Mazzy,@助教-老孟?视频文件讲解传上来了，想再看一遍
正式学员群-数据分析,【老孟班】5.24数据分析入门试学,Francis,2018/5/26 0:00:00,21:35:43,Francis,正在传…而且还要审核，…[捂脸]
正式学员群-数据分析,【老孟班】5.24数据分析入门试学,Francis,2018/5/26 0:00:00,21:37:16,Francis,估计得明天早起了……大家自己先探索着[嘿哈]我的目标：星辰大海??
正式学员群-数据分析,【老孟班】5.24数据分析入门试学,Francis,2018/5/26 0:00:00,21:40:30,Francis,大家加油??
正式学员群-数据分析,【老孟班】5.24数据分析入门试学,Francis,2018/5/26 0:00:00,21:50:34,Jester,一个小问题
正式学员群-数据分析,【老孟班】5.24数据分析入门试学,Francis,2018/5/26 0:00:00,21:52:10,Jester,声称的图表没有按照四季的顺序显示；是不是因为map（）函数利用字典进行映射，所以四季的参数变成无序分类的格式了？
正式学员群-数据分析,【老孟班】5.24数据分析入门试学,Francis,2018/5/26 0:00:00,21:57:57,Francis,@戴逸骅 Jester?dataframe没有顺序的概念。所以这种展示是对的。如果需要的话，可以排序，超纲了??
正式学员群-数据分析,【老孟班】5.24数据分析入门试学,Francis,2018/5/26 0:00:00,21:58:21,甲乙,不是无序，是按字母顺序了
正式学员群-数据分析,【老孟班】5.24数据分析入门试学,Francis,2018/5/26 0:00:00,21:58:35,Jester,原来如此
正式学员群-数据分析,【老孟班】5.24数据分析入门试学,Francis,2018/5/26 0:00:00,21:58:45,Jester,@甲乙 [强][强]
正式学员群-数据分析,【老孟班】5.24数据分析入门试学,Francis,2018/5/26 0:00:00,21:59:20,Francis,@甲乙?[机智][强]
正式学员群-数据分析,【老孟班】5.24数据分析入门试学,Francis,2018/5/26 0:00:00,21:59:20,Jester,那这样上交扣分不？[奸笑][奸笑]@助教-老孟
正式学员群-数据分析,【老孟班】5.24数据分析入门试学,Francis,2018/5/26 0:00:00,22:00:33,Francis,应该没事，因为要按照时间走的话需要调整代码。
正式学员群-数据分析,【老孟班】5.24数据分析入门试学,Francis,2018/5/26 0:00:00,22:06:18,Jester,等学了怎么声称表格的语法再说吧…
正式学员群-数据分析,【老孟班】5.24数据分析入门试学,Francis,2018/5/26 0:00:00,22:07:07,Jester,有预感matplotlib又是个很丰富的库……
正式学员群-数据分析,【老孟班】5.24数据分析入门试学,Francis,2018/5/26 0:00:00,22:15:29,QT Chiu,项目提交啦[皱眉]
正式学员群-数据分析,【老孟班】5.24数据分析入门试学,Francis,2018/5/26 0:00:00,22:15:57,Udacity-Celia,@仇倩婷 上海?棒棒[亲亲][亲亲]
正式学员群-数据分析,【老孟班】5.24数据分析入门试学,Francis,2018/5/26 0:00:00,22:24:01,Jester,我也提交了
正式学员群-数据分析,【老孟班】5.24数据分析入门试学,Francis,2018/5/26 0:00:00,22:25:27,Francis,@所有人 同学们，提交项目后，邮箱会收到信。评审完成后，也会收到信。请大家查收（当然也可以在uda网站刷刷刷）
正式学员群-数据分析,【老孟班】5.24数据分析入门试学,Francis,2018/5/26 0:00:00,22:45:51,Gin.,把两个download的文件打包上传提交是吗？
正式学员群-数据分析,【老孟班】5.24数据分析入门试学,Francis,2018/5/26 0:00:00,22:49:14,Francis,这个请两个已经提交的同学来解答下，来来来，别害羞@戴逸骅 Jester @仇倩婷 上海
正式学员群-数据分析,【老孟班】5.24数据分析入门试学,Francis,2018/5/26 0:00:00,22:49:39,Jester,保存成zip压缩包再上传
正式学员群-数据分析,【老孟班】5.24数据分析入门试学,Francis,2018/5/26 0:00:00,22:49:56,QT Chiu,对的，zip格式
正式学员群-数据分析,【老孟班】5.24数据分析入门试学,Francis,2018/5/26 0:00:00,22:50:00,Francis,不要有中文名字，否则会退回来
正式学员群-数据分析,【老孟班】5.24数据分析入门试学,Francis,2018/5/26 0:00:00,22:52:51,Gin.,感谢人民感谢党 我也提交了
正式学员群-数据分析,【老孟班】5.24数据分析入门试学,Francis,2018/5/26 0:00:00,22:57:25,Francis,@金子君 上海 厉害。
正式学员群-数据分析,【老孟班】5.24数据分析入门试学,Francis,2018/5/26 0:00:00,22:58:31,Francis,其他同学也加油，时间还算有一些的，[机智]提交项目以后可以看一些细节了，并且等反馈。
正式学员群-数据分析,【老孟班】5.24数据分析入门试学,Francis,2018/5/27 0:00:00,00:33:20,Francis,以上是对于想要 春夏秋冬排序的方法和解释，请戴同学和甲乙同学参考下。
正式学员群-数据分析,【老孟班】5.24数据分析入门试学,Francis,2018/5/27 0:00:00,07:37:12,Francis,"视频来了，需要的同学速来
http://v.youku.com/v_show/id_XMzYyODIwNDM0MA==.html?spm=a2h3j.8428770.3416059.1

https://www.bilibili.com/video/av23978011"
正式学员群-数据分析,【老孟班】5.24数据分析入门试学,Francis,2018/5/27 0:00:00,08:22:51,Mazzy,收到??
正式学员群-数据分析,【老孟班】5.24数据分析入门试学,Francis,2018/5/27 0:00:00,12:18:31,Francis,@所有人 大家项目肝的怎么样了？累了的话可以看看今天的每日一题调剂一下[机智]。项目大家争取能写得差不多了，今天晚上晚一点我都在电脑前面，让我们一起努力??
正式学员群-数据分析,【老孟班】5.24数据分析入门试学,Francis,2018/5/27 0:00:00,14:37:18,💍＇徐徐徐雯佳,@助教-老孟?助教，为啥我这个是这样，看不到图
正式学员群-数据分析,【老孟班】5.24数据分析入门试学,Francis,2018/5/27 0:00:00,14:38:14,夏秋冬春,你先点这个试一下
正式学员群-数据分析,【老孟班】5.24数据分析入门试学,Francis,2018/5/27 0:00:00,14:38:37,夏秋冬春,cell  然后  run all
正式学员群-数据分析,【老孟班】5.24数据分析入门试学,Francis,2018/5/27 0:00:00,14:39:20,💍＇徐徐徐雯佳,OK了，谢谢????
正式学员群-数据分析,【老孟班】5.24数据分析入门试学,Francis,2018/5/27 0:00:00,14:40:00,夏秋冬春,把你city==上海  那一行代码发我一下
正式学员群-数据分析,【老孟班】5.24数据分析入门试学,Francis,2018/5/27 0:00:00,14:43:49,Francis,@胡圣 宁波?特别厉害??[坏笑]
正式学员群-数据分析,【老孟班】5.24数据分析入门试学,Francis,2018/5/27 0:00:00,14:45:09,鲍小栋Ben,大神们有人能帮我解答下吗
正式学员群-数据分析,【老孟班】5.24数据分析入门试学,Francis,2018/5/27 0:00:00,14:45:22,鲍小栋Ben,图出不来，是我代码有错么
正式学员群-数据分析,【老孟班】5.24数据分析入门试学,Francis,2018/5/27 0:00:00,14:45:27,夏秋冬春,空格
正式学员群-数据分析,【老孟班】5.24数据分析入门试学,Francis,2018/5/27 0:00:00,14:46:06,夏秋冬春,还有beijng的单引号   换成英文输入
正式学员群-数据分析,【老孟班】5.24数据分析入门试学,Francis,2018/5/27 0:00:00,14:47:31,Jester,"""year == 2010"" ==前后要有空格"
正式学员群-数据分析,【老孟班】5.24数据分析入门试学,Francis,2018/5/27 0:00:00,14:47:46,Jester,所有代码都要用英文输入法才行
正式学员群-数据分析,【老孟班】5.24数据分析入门试学,Francis,2018/5/27 0:00:00,14:48:02,鲍小栋Ben,Beijing 的单引号我是英文的哈
正式学员群-数据分析,【老孟班】5.24数据分析入门试学,Francis,2018/5/27 0:00:00,14:48:07,鲍小栋Ben,我试试哈
正式学员群-数据分析,【老孟班】5.24数据分析入门试学,Francis,2018/5/27 0:00:00,14:49:48,Jester,应该是空格的问题
正式学员群-数据分析,【老孟班】5.24数据分析入门试学,Francis,2018/5/27 0:00:00,14:50:12,鲍小栋Ben,好了，谢谢大神们
正式学员群-数据分析,【老孟班】5.24数据分析入门试学,Francis,2018/5/27 0:00:00,14:50:17,鲍小栋Ben,嗯哪 空格的问题
正式学员群-数据分析,【老孟班】5.24数据分析入门试学,Francis,2018/5/27 0:00:00,14:51:48,Jester,异常的内容：not enough values to unpack，意思是没有足够变量传入filter_datas()…因为变量的提取是用“ ”分割的，没有空格就分不开了…
正式学员群-数据分析,【老孟班】5.24数据分析入门试学,Francis,2018/5/27 0:00:00,14:54:59,鲍小栋Ben,嗯哪
正式学员群-数据分析,【老孟班】5.24数据分析入门试学,Francis,2018/5/27 0:00:00,15:02:56,💍＇徐徐徐雯佳,"""city == 'Shanghai'"", ""year >= 2012"""
正式学员群-数据分析,【老孟班】5.24数据分析入门试学,Francis,2018/5/27 0:00:00,16:24:35,💍＇徐徐徐雯佳,"问题6.break?结束循环，跳出循环体；
         continue?结束本次循环，进行下次循环；"
正式学员群-数据分析,【老孟班】5.24数据分析入门试学,Francis,2018/5/27 0:00:00,16:25:12,💍＇徐徐徐雯佳,终于我也提交了····
正式学员群-数据分析,【老孟班】5.24数据分析入门试学,Francis,2018/5/27 0:00:00,16:44:17,Francis,@徐雯佳 海口?[强]
正式学员群-数据分析,【老孟班】5.24数据分析入门试学,Francis,2018/5/27 0:00:00,16:47:16,Francis,@所有人 这是今天每日一题的答案，大家可以看看?? 看到好多同学提交了项目……非常高兴，也特别感谢帮忙解答问题的高手同学们。大家别忘了检查邮箱里的项目反馈。可能有些细节还需要改。咱们的评审老师可是特别严格负责的。
正式学员群-数据分析,【老孟班】5.24数据分析入门试学,Francis,2018/5/27 0:00:00,16:47:40,Francis,另外，有兴趣的话也可以看看选学的内容??
正式学员群-数据分析,【老孟班】5.24数据分析入门试学,Francis,2018/5/27 0:00:00,16:49:43,QT Chiu,抱歉今天搬家来不及看
正式学员群-数据分析,【老孟班】5.24数据分析入门试学,Francis,2018/5/27 0:00:00,16:58:15,Jester,我也忘记回答了…不过OOP还真的不会[调皮]
正式学员群-数据分析,【老孟班】5.24数据分析入门试学,Francis,2018/5/27 0:00:00,17:32:00,Francis,@仇倩婷 上海?加油，还有3天。尽量赶完[奋斗]
正式学员群-数据分析,【老孟班】5.24数据分析入门试学,Francis,2018/5/27 0:00:00,18:06:46,Udacity-Celia,@戴逸骅 Jester?不会的可以先搜索看看，探索到的答案印象更深刻[愉快] 明天老孟会统一给出标准答案，你再参考一下
正式学员群-数据分析,【老孟班】5.24数据分析入门试学,Francis,2018/5/27 0:00:00,19:11:41,Jester,[OK][OK]
正式学员群-数据分析,【老孟班】5.24数据分析入门试学,Francis,2018/5/27 0:00:00,21:42:32,Francis,@所有人 今天第二题的答案，后面的应该是items，而不是iteritems（这个是python2）版本的。咱们统一用python3版本的就好了。特别感谢@甲乙?同学的提醒。另外大家项目提的怎么养了，我已经在电脑前了，请大家有问题尽情轰炸我[机智]虽然还有3天，但项目由于还要审核和修改越早提交越好[悠闲]
正式学员群-数据分析,【老孟班】5.24数据分析入门试学,Francis,2018/5/27 0:00:00,21:43:44,Francis,这几天感觉大家学的非常快，还有的已经能很好的帮助别的同学回答问题了，你们真是不简单。加油加油??
正式学员群-数据分析,【老孟班】5.24数据分析入门试学,Francis,2018/5/27 0:00:00,22:03:28,Jester,已经得到批复通过啦[跳跳][跳跳]各位正式课程见[呲牙][呲牙]
正式学员群-数据分析,【老孟班】5.24数据分析入门试学,Francis,2018/5/27 0:00:00,22:04:42,chocolate,恭喜[鼓掌]
正式学员群-数据分析,【老孟班】5.24数据分析入门试学,Francis,2018/5/27 0:00:00,22:07:12,Mazzy,腻害
正式学员群-数据分析,【老孟班】5.24数据分析入门试学,Francis,2018/5/27 0:00:00,22:29:41,Francis,@戴逸骅 Jester?太棒了??[机智]
正式学员群-数据分析,【老孟班】5.24数据分析入门试学,Francis,2018/5/27 0:00:00,22:31:37,Francis,别忘了去微信公众号里拿第一个数据分析项目证书呦??。其他同学，咱么也加把劲[机智]High起来[耶]
正式学员群-数据分析,【老孟班】5.24数据分析入门试学,Francis,2018/5/27 0:00:00,22:34:49,Gin.,还有证书吗??我也要去拿
正式学员群-数据分析,【老孟班】5.24数据分析入门试学,Francis,2018/5/27 0:00:00,22:35:37,Mazzy,都有证书可以拿吗？[呲牙]
正式学员群-数据分析,【老孟班】5.24数据分析入门试学,Francis,2018/5/27 0:00:00,22:37:11,Francis,@所有人 大家通关了就可以呦，加油??[机智]
正式学员群-数据分析,【老孟班】5.24数据分析入门试学,Francis,2018/5/27 0:00:00,22:41:45,Francis,而且还有3天，还可以肝一肝[阴险][奋斗]
正式学员群-数据分析,【老孟班】5.24数据分析入门试学,Francis,2018/5/27 0:00:00,22:49:42,Jester,请问证书怎么获取？
正式学员群-数据分析,【老孟班】5.24数据分析入门试学,Francis,2018/5/27 0:00:00,22:54:53,Francis,@Udacity-Celia?请美少女班主任来回答一下怎么获得证书[阴险]
正式学员群-数据分析,【老孟班】5.24数据分析入门试学,Francis,2018/5/27 0:00:00,22:55:42,Francis,@所有人除了Celia（其实除了证书，通关了还能要到优惠券呢！）
正式学员群-数据分析,【老孟班】5.24数据分析入门试学,Francis,2018/5/27 0:00:00,22:56:14,李清清miumiu,@戴逸骅 Jester
正式学员群-数据分析,【老孟班】5.24数据分析入门试学,Francis,2018/5/27 0:00:00,22:56:24,李清清miumiu,明天服务号会有第一批
正式学员群-数据分析,【老孟班】5.24数据分析入门试学,Francis,2018/5/27 0:00:00,22:56:26,李清清miumiu,证书
正式学员群-数据分析,【老孟班】5.24数据分析入门试学,Francis,2018/5/27 0:00:00,22:56:29,李清清miumiu,发送给大家
正式学员群-数据分析,【老孟班】5.24数据分析入门试学,Francis,2018/5/27 0:00:00,22:56:44,Mazzy,[鼓掌]
正式学员群-数据分析,【老孟班】5.24数据分析入门试学,Francis,2018/5/27 0:00:00,23:13:38,鲍小栋Ben,有同学能帮我看看吗？[皱眉]
正式学员群-数据分析,【老孟班】5.24数据分析入门试学,Francis,2018/5/27 0:00:00,23:14:09,夏秋冬春,方括号
正式学员群-数据分析,【老孟班】5.24数据分析入门试学,Francis,2018/5/27 0:00:00,23:14:21,鲍小栋Ben,好的我试试哦
正式学员群-数据分析,【老孟班】5.24数据分析入门试学,Francis,2018/5/27 0:00:00,23:14:55,鲍小栋Ben,@胡圣 宁波?[机智]哦了
正式学员群-数据分析,【老孟班】5.24数据分析入门试学,Francis,2018/5/27 0:00:00,23:16:18,Francis,@胡圣 宁波?[强]
正式学员群-数据分析,【老孟班】5.24数据分析入门试学,Francis,2018/5/27 0:00:00,23:18:55,鲍小栋Ben,我也是第二次提交其他同学有不懂的问群里哦
正式学员群-数据分析,【老孟班】5.24数据分析入门试学,Francis,2018/5/27 0:00:00,23:19:09,鲍小栋Ben,哈哈哈哈，不要害羞
正式学员群-数据分析,【老孟班】5.24数据分析入门试学,Francis,2018/5/27 0:00:00,23:19:12,鲍小栋Ben,[皱眉][皱眉]
正式学员群-数据分析,【老孟班】5.24数据分析入门试学,Francis,2018/5/27 0:00:00,23:21:42,Francis,我提交了3次，第二次有马虎没改的地方[害羞]
正式学员群-数据分析,【老孟班】5.24数据分析入门试学,Francis,2018/5/27 0:00:00,23:22:22,Mazzy,缺失值的数量分别是多少？
正式学员群-数据分析,【老孟班】5.24数据分析入门试学,Francis,2018/5/27 0:00:00,23:22:28,Mazzy,怎么算
正式学员群-数据分析,【老孟班】5.24数据分析入门试学,Francis,2018/5/27 0:00:00,23:22:52,Mazzy,求助各位高手[流泪]
正式学员群-数据分析,【老孟班】5.24数据分析入门试学,Francis,2018/5/27 0:00:00,23:23:52,Francis,@Mazzy 上海?用No的数减去每一个的数就行了。因为No是编号，肯定是全的
正式学员群-数据分析,【老孟班】5.24数据分析入门试学,Francis,2018/5/27 0:00:00,23:24:14,Mazzy,好的
正式学员群-数据分析,【老孟班】5.24数据分析入门试学,Francis,2018/5/28 0:00:00,08:54:50,夏秋冬春,这就算过了   是吧？
正式学员群-数据分析,【老孟班】5.24数据分析入门试学,Francis,2018/5/28 0:00:00,09:03:13,Francis,@胡圣 宁波?对的，过了。恭喜[调皮]
正式学员群-数据分析,【老孟班】5.24数据分析入门试学,Francis,2018/5/28 0:00:00,09:04:22,Francis,@Mazzy 上海?昨天那个可能是你网络问题，左上角的图片都没显示。今天再试试提交一下？
正式学员群-数据分析,【老孟班】5.24数据分析入门试学,Francis,2018/5/28 0:00:00,09:06:04,Mazzy,昨晚提示我上传成功，
正式学员群-数据分析,【老孟班】5.24数据分析入门试学,Francis,2018/5/28 0:00:00,09:06:38,Mazzy,现在是进入审阅阶段了吗？
正式学员群-数据分析,【老孟班】5.24数据分析入门试学,Francis,2018/5/28 0:00:00,09:10:25,Mazzy,我是否上传成功呢？@助教-老孟
正式学员群-数据分析,【老孟班】5.24数据分析入门试学,Francis,2018/5/28 0:00:00,09:10:48,Francis,@Mazzy 上海?收到邮件了么？
正式学员群-数据分析,【老孟班】5.24数据分析入门试学,Francis,2018/5/28 0:00:00,09:12:13,Mazzy,还没有[撇嘴]
正式学员群-数据分析,【老孟班】5.24数据分析入门试学,Francis,2018/5/28 0:00:00,09:12:44,夏秋冬春,正式班要等多久
正式学员群-数据分析,【老孟班】5.24数据分析入门试学,Francis,2018/5/28 0:00:00,09:54:38,李清清miumiu,@胡圣 宁波?hello
正式学员群-数据分析,【老孟班】5.24数据分析入门试学,Francis,2018/5/28 0:00:00,09:54:44,李清清miumiu,@Uda-学习规划师Beauty
正式学员群-数据分析,【老孟班】5.24数据分析入门试学,Francis,2018/5/28 0:00:00,09:54:56,李清清miumiu,可以问问学习规划师
正式学员群-数据分析,【老孟班】5.24数据分析入门试学,Francis,2018/5/28 0:00:00,09:56:27,Udacity-Celia,@胡圣 宁波?过啦过啦[鼓掌][鼓掌][鼓掌]
正式学员群-数据分析,【老孟班】5.24数据分析入门试学,Francis,2018/5/28 0:00:00,09:57:08,Udacity-Celia,@Mazzy 上海?你等一下，应该今天会收到审阅结果。邮件和教室都有提醒
正式学员群-数据分析,【老孟班】5.24数据分析入门试学,Francis,2018/5/28 0:00:00,09:58:25,Uda-Beauty,?????♂?
正式学员群-数据分析,【老孟班】5.24数据分析入门试学,Francis,2018/5/28 0:00:00,09:59:50,Mazzy,@Udacity-Celia?好噢[嘿哈]谢谢哈
正式学员群-数据分析,【老孟班】5.24数据分析入门试学,Francis,2018/5/28 0:00:00,10:01:29,Udacity-Celia,不客气啦
正式学员群-数据分析,【老孟班】5.24数据分析入门试学,Francis,2018/5/28 0:00:00,10:02:58,QT Chiu,系统提示我要修改，可是无论如何进不了项目工作区[发呆]
正式学员群-数据分析,【老孟班】5.24数据分析入门试学,Francis,2018/5/28 0:00:00,10:07:12,Udacity-Celia,刷新一下，不行退出重新再进试试
正式学员群-数据分析,【老孟班】5.24数据分析入门试学,Francis,2018/5/28 0:00:00,10:07:14,Udacity-Celia,@仇倩婷 上海
正式学员群-数据分析,【老孟班】5.24数据分析入门试学,Francis,2018/5/28 0:00:00,10:12:18,Francis,@所有人 大家项目做得怎么样了，今天是周一，如见今天能提交的话，时间还是可以的，有什么问题大家群里high起来，咱们已经有几位过了项目的同学了。加油加油。
正式学员群-数据分析,【老孟班】5.24数据分析入门试学,Francis,2018/5/28 0:00:00,10:14:01,Francis,另外，除了证书[阴险]，，，，还有强力优惠，过了的赶紧找班主任老师，我就不说细节了（[疯了]为什么我当初报名就没有这么多优惠，，，，699！！！！！）
正式学员群-数据分析,【老孟班】5.24数据分析入门试学,Francis,2018/5/28 0:00:00,10:16:53,Uda-Beauty,找我找我
正式学员群-数据分析,【老孟班】5.24数据分析入门试学,Francis,2018/5/28 0:00:00,10:17:01,Uda-Beauty,@助教-老孟?是599
正式学员群-数据分析,【老孟班】5.24数据分析入门试学,Francis,2018/5/28 0:00:00,10:17:04,Uda-Beauty,[呲牙][呲牙][呲牙]
正式学员群-数据分析,【老孟班】5.24数据分析入门试学,Francis,2018/5/28 0:00:00,10:18:12,Francis,哦，，，，，sorry，大家，谢谢规划师[阴险]@Uda-学习规划师Beauty 。
正式学员群-数据分析,【老孟班】5.24数据分析入门试学,Francis,2018/5/28 0:00:00,10:18:49,Francis,ps：为啥我当初只有300，，，，，助教太伤心了，5分钟以内不能回答任何问题，，，，，，，，，
正式学员群-数据分析,【老孟班】5.24数据分析入门试学,Francis,2018/5/28 0:00:00,10:19:02,Udacity-Celia,300+299=599[捂脸]是我给老孟写错了@助教-老孟
正式学员群-数据分析,【老孟班】5.24数据分析入门试学,Francis,2018/5/28 0:00:00,10:20:12,Francis,哈哈，班主任老师出来了。有没有证书的样子，放群里来给大家看看？@
正式学员群-数据分析,【老孟班】5.24数据分析入门试学,Francis,2018/5/28 0:00:00,10:20:37,Gin.,现在能报上哪一期开课的呀
正式学员群-数据分析,【老孟班】5.24数据分析入门试学,Francis,2018/5/28 0:00:00,10:24:07,Udacity-Celia,今天服务号会给通过的同学推送证书[奸笑][奸笑]
正式学员群-数据分析,【老孟班】5.24数据分析入门试学,Francis,2018/5/28 0:00:00,10:25:04,Udacity-Celia,敬请期待[阴险][阴险]
正式学员群-数据分析,【老孟班】5.24数据分析入门试学,Francis,2018/5/28 0:00:00,10:25:28,Gin.,怎么审阅完成后又收到了一个成功提交项目
正式学员群-数据分析,【老孟班】5.24数据分析入门试学,Francis,2018/5/28 0:00:00,10:29:57,Udacity-Celia,系统可能有点抽风[捂脸]自动推送的…我回头反应一下，避免同学们疑惑@金子君 上海
正式学员群-数据分析,【老孟班】5.24数据分析入门试学,Francis,2018/5/28 0:00:00,10:30:24,Udacity-Celia,你提交了提示审阅完成了就好[愉快]
正式学员群-数据分析,【老孟班】5.24数据分析入门试学,Francis,2018/5/28 0:00:00,12:29:21,Francis,@所有人 同学们，我们的每日一题还在继续，请大家饭后也活动活动脑筋吧，哈哈哈哈。没有提交的同学请抓紧了，提交了的同学也请几个小时检查一遍邮件，有反馈的话修改一般不会太多。大家加油，还有2天！[酷]
正式学员群-数据分析,【老孟班】5.24数据分析入门试学,Francis,2018/5/28 0:00:00,12:31:28,Francis,@戴逸骅 Jester @胡圣 宁波 也恭喜两位过了项目的同学，就可以放松的多看看每日一题和选修内容了。另外也可以骚扰@Udacity-Celia 和@Uda-学习规划师Beauty 两位美女，正式班的名额也是挺紧张的。大家加油，冲刺[悠闲]
正式学员群-数据分析,【老孟班】5.24数据分析入门试学,Francis,2018/5/28 0:00:00,12:40:02,Mazzy,8. 互斥事件。如果事件A发生，则事件B就不发生；或者事件B发生，事件A就不发生，则事件A与事件B互斥。
正式学员群-数据分析,【老孟班】5.24数据分析入门试学,Francis,2018/5/28 0:00:00,12:42:14,Francis,@Mazzy 上海?[强]又快又好
正式学员群-数据分析,【老孟班】5.24数据分析入门试学,Francis,2018/5/28 0:00:00,12:43:27,Mazzy,中午吃饭空闲赶紧research[呲牙]
正式学员群-数据分析,【老孟班】5.24数据分析入门试学,Francis,2018/5/28 0:00:00,13:08:04,QT Chiu,16: enumerate() 函数用于将一个可遍历的数据对象(如列表、元组或字符串)组合为一个索引序列，同时列出数据和数据下标，一般用在 for 循环当中。
正式学员群-数据分析,【老孟班】5.24数据分析入门试学,Francis,2018/5/28 0:00:00,13:13:23,Francis,@仇倩婷 上海?[强]而且enumerate可以让循环更简洁[转圈]
正式学员群-数据分析,【老孟班】5.24数据分析入门试学,Francis,2018/5/28 0:00:00,13:47:05,💍＇徐徐徐雯佳,@助教-老孟?助教，审核说代码重复，那应该是怎么样呢？各大神指点一下啊
正式学员群-数据分析,【老孟班】5.24数据分析入门试学,Francis,2018/5/28 0:00:00,13:55:08,Francis,@徐雯佳 海口 我看反馈就是说前面筛选数据的时候用的df1和后面用的df_beijing 是一样的。后面的df2和df_compare是一样的。统一一下，去掉不用的就好了。用df1、df2，或者df_beijing和df_compare
正式学员群-数据分析,【老孟班】5.24数据分析入门试学,Francis,2018/5/28 0:00:00,14:05:02,💍＇徐徐徐雯佳,??
正式学员群-数据分析,【老孟班】5.24数据分析入门试学,Francis,2018/5/28 0:00:00,16:01:40,Francis,@乔勇 广州?恭喜??????也过了项目。证书和优惠方面请两位小姐姐领走去谈心[机智]@Udacity-Celia?@Uda-学习规划师Beauty
正式学员群-数据分析,【老孟班】5.24数据分析入门试学,Francis,2018/5/28 0:00:00,16:12:20,Udacity-Celia,@乔勇 广州 恭喜巧克力
正式学员群-数据分析,【老孟班】5.24数据分析入门试学,Francis,2018/5/28 0:00:00,16:47:04,Francis,@所有人 今天的答案早点放出来[机智]，大家看看这种方式是不是更方便阅读[阴险] 没有提交项目的同学要加紧一点了，加油??，你们是最棒的[玫瑰]
正式学员群-数据分析,【老孟班】5.24数据分析入门试学,Francis,2018/5/28 0:00:00,17:54:10,QT Chiu,认证证书怎么拿啊
正式学员群-数据分析,【老孟班】5.24数据分析入门试学,Francis,2018/5/28 0:00:00,17:55:12,Francis,@仇倩婷 上海?通过了[坏笑]？
正式学员群-数据分析,【老孟班】5.24数据分析入门试学,Francis,2018/5/28 0:00:00,17:55:39,Allen,关注这个公共账号，绑定你的邮箱，会自动推送给你的哟~
正式学员群-数据分析,【老孟班】5.24数据分析入门试学,Francis,2018/5/28 0:00:00,17:55:56,QT Chiu,可是很奇怪
正式学员群-数据分析,【老孟班】5.24数据分析入门试学,Francis,2018/5/28 0:00:00,17:56:06,QT Chiu,推送给我的不知道是谁的
正式学员群-数据分析,【老孟班】5.24数据分析入门试学,Francis,2018/5/28 0:00:00,17:56:29,QT Chiu,写着xeodou
正式学员群-数据分析,【老孟班】5.24数据分析入门试学,Francis,2018/5/28 0:00:00,17:56:36,QT Chiu,反正不是我的名字??
正式学员群-数据分析,【老孟班】5.24数据分析入门试学,Francis,2018/5/28 0:00:00,17:57:02,鲍小栋Ben,我也收到了
正式学员群-数据分析,【老孟班】5.24数据分析入门试学,Francis,2018/5/28 0:00:00,17:57:23,QT Chiu,这应该就是广告吧[皱眉]
正式学员群-数据分析,【老孟班】5.24数据分析入门试学,Francis,2018/5/28 0:00:00,17:58:21,Udacity-Celia,不是不是。。。这个是我们工程师的名字[捂脸]
正式学员群-数据分析,【老孟班】5.24数据分析入门试学,Francis,2018/5/28 0:00:00,17:59:05,Udacity-Celia,可能想让你们记住他吧（并不是啦，应该是忙中出去忘记改过来了。。。）
正式学员群-数据分析,【老孟班】5.24数据分析入门试学,Francis,2018/5/28 0:00:00,17:59:18,Udacity-Celia,我们已经立马去修改了
正式学员群-数据分析,【老孟班】5.24数据分析入门试学,Francis,2018/5/28 0:00:00,18:00:14,欧剃,哈哈哈哈哈哈
正式学员群-数据分析,【老孟班】5.24数据分析入门试学,Francis,2018/5/28 0:00:00,18:00:35,欧剃,我还以为自己账号绑定错了
正式学员群-数据分析,【老孟班】5.24数据分析入门试学,Francis,2018/5/28 0:00:00,18:01:43,Udacity-Celia,一位又帅又有才华的工程师，欢迎你们在以后的优达学习中，来我们线下meet活捉他[奸笑]
正式学员群-数据分析,【老孟班】5.24数据分析入门试学,Francis,2018/5/28 0:00:00,18:02:02,李清清miumiu,哈哈哈
正式学员群-数据分析,【老孟班】5.24数据分析入门试学,Francis,2018/5/28 0:00:00,18:02:15,Allen,哈哈哈
正式学员群-数据分析,【老孟班】5.24数据分析入门试学,Francis,2018/5/28 0:00:00,18:04:19,搬铁少年ai,大家好，我是新来的捧哏助教
正式学员群-数据分析,【老孟班】5.24数据分析入门试学,Francis,2018/5/28 0:00:00,18:06:17,Udacity-Shirley,让我想起了小ai同学～
正式学员群-数据分析,【老孟班】5.24数据分析入门试学,Francis,2018/5/28 0:00:00,18:06:24,Francis,@助教小ai?你是机器人么？我们可不可以来调戏你[坏笑]
正式学员群-数据分析,【老孟班】5.24数据分析入门试学,Francis,2018/5/28 0:00:00,18:07:34,搬铁少年ai,祖传姓氏，可能命中注定应该搞AI
正式学员群-数据分析,【老孟班】5.24数据分析入门试学,Francis,2018/5/28 0:00:00,18:08:05,搬铁少年ai,dont panic ！不是机器人
正式学员群-数据分析,【老孟班】5.24数据分析入门试学,Francis,2018/5/28 0:00:00,18:08:40,Udacity-Shirley,以后可以呼唤<小ai助教>～～
正式学员群-数据分析,【老孟班】5.24数据分析入门试学,Francis,2018/5/28 0:00:00,18:09:14,Francis,@助教小ai?图灵测试要不要了解一下？
正式学员群-数据分析,【老孟班】5.24数据分析入门试学,Francis,2018/5/28 0:00:00,18:10:56,搬铁少年ai,没通过图灵测试，我是没办法出厂的
正式学员群-数据分析,【老孟班】5.24数据分析入门试学,Francis,2018/5/28 0:00:00,18:14:01,搬铁少年ai,是否能证明我是个人
正式学员群-数据分析,【老孟班】5.24数据分析入门试学,Francis,2018/5/28 0:00:00,18:15:42,Allen,贼帅啊！
正式学员群-数据分析,【老孟班】5.24数据分析入门试学,Francis,2018/5/28 0:00:00,18:17:24,Udacity-Celia,大家以后可以随意调戏小AI
正式学员群-数据分析,【老孟班】5.24数据分析入门试学,Francis,2018/5/28 0:00:00,18:18:18,Francis,[擦汗]恩，真人视频来一段比较可信了就[悠闲]哈哈哈，开玩笑了……你这么帅，学员们还不快去骚扰[机智]（不过要做完项目才行[抓狂]）@所有人 大家记得提交项目成功了是能收到邮件的。加油加油??
正式学员群-数据分析,【老孟班】5.24数据分析入门试学,Francis,2018/5/28 0:00:00,18:18:31,Udacity-Celia,【关于刚才的海报】刚才数据库开小差，把 Xeodou 同学的项目通关海报不小心发给了大家。 [皱眉]  我们已经把数据库和工程师一起祭天了！如果你提交项目通关后，也会收到属于自己的项目通关海报哦！
正式学员群-数据分析,【老孟班】5.24数据分析入门试学,Francis,2018/5/28 0:00:00,18:21:24,搬铁少年ai,对数据分析不是特别了解，和大家一起学习，主要负责灌水，当然可以回答大家python的问题
正式学员群-数据分析,【老孟班】5.24数据分析入门试学,Francis,2018/5/28 0:00:00,18:30:05,Udacity-Celia,小AI是真正的“人工、智能”，看得见摸得着~~~
正式学员群-数据分析,【老孟班】5.24数据分析入门试学,Francis,2018/5/28 0:00:00,18:31:31,Jester,机器学习时代，怎么能相信照片和视频，都可以伪造了！[奸笑]
正式学员群-数据分析,【老孟班】5.24数据分析入门试学,Francis,2018/5/28 0:00:00,18:33:01,Jester,我们作为一个搞科技的学习机构，还是以调戏为主吧[奸笑]
正式学员群-数据分析,【老孟班】5.24数据分析入门试学,Francis,2018/5/28 0:00:00,18:33:15,Udacity-Celia,小AI，是时候亮出你的盛世美颜了~~~ 让戴医生鉴别鉴别
正式学员群-数据分析,【老孟班】5.24数据分析入门试学,Francis,2018/5/28 0:00:00,18:33:32,Udacity-Celia,@助教小ai @戴逸骅 Jester
正式学员群-数据分析,【老孟班】5.24数据分析入门试学,Francis,2018/5/28 0:00:00,18:34:26,Mazzy,@助教小ai?你为什么有编号??
正式学员群-数据分析,【老孟班】5.24数据分析入门试学,Francis,2018/5/28 0:00:00,18:36:05,Udacity-Celia,因为他是小AI[坏笑]
正式学员群-数据分析,【老孟班】5.24数据分析入门试学,Francis,2018/5/28 0:00:00,18:44:01,搬铁少年ai,工号9527为您服务
正式学员群-数据分析,【老孟班】5.24数据分析入门试学,Francis,2018/5/28 0:00:00,18:46:09,Udacity-Celia,我点了个外卖。。。顺手把红包发这儿了。。。
正式学员群-数据分析,【老孟班】5.24数据分析入门试学,Francis,2018/5/28 0:00:00,18:46:28,Udacity-Celia,有点外卖的童鞋可以领红包。。。
正式学员群-数据分析,【老孟班】5.24数据分析入门试学,Francis,2018/5/28 0:00:00,18:48:57,鲍小栋Ben,班主任真体贴啊[捂脸]
正式学员群-数据分析,【老孟班】5.24数据分析入门试学,Francis,2018/5/28 0:00:00,18:50:21,Jester,班主任已经开始发外卖红包了，看来是放学了[奸笑]
正式学员群-数据分析,【老孟班】5.24数据分析入门试学,Francis,2018/5/28 0:00:00,18:50:41,Udacity-Celia,加班[委屈]
正式学员群-数据分析,【老孟班】5.24数据分析入门试学,Francis,2018/5/28 0:00:00,18:50:51,Udacity-Celia,所以才点了外卖[流泪]
正式学员群-数据分析,【老孟班】5.24数据分析入门试学,Francis,2018/5/28 0:00:00,18:53:03,鲍小栋Ben,哈哈
正式学员群-数据分析,【老孟班】5.24数据分析入门试学,Francis,2018/5/28 0:00:00,19:05:32,Udacity-Celia,你们都下班了嘛
正式学员群-数据分析,【老孟班】5.24数据分析入门试学,Francis,2018/5/28 0:00:00,19:06:36,鲍小栋Ben,没呢 我公司是19：00下班的
正式学员群-数据分析,【老孟班】5.24数据分析入门试学,Francis,2018/5/28 0:00:00,19:06:45,鲍小栋Ben,不过基本没准点下班过
正式学员群-数据分析,【老孟班】5.24数据分析入门试学,Francis,2018/5/28 0:00:00,19:13:54,搬铁少年ai,不要提下班，太伤感情
正式学员群-数据分析,【老孟班】5.24数据分析入门试学,Francis,2018/5/28 0:00:00,19:13:54,Jester,你们的企业文化除了帅哥美女多以外就是加班多了吧[奸笑]
正式学员群-数据分析,【老孟班】5.24数据分析入门试学,Francis,2018/5/28 0:00:00,19:14:19,Jester,天天加班，助教晚上还要上课，还要回答问题
正式学员群-数据分析,【老孟班】5.24数据分析入门试学,Francis,2018/5/28 0:00:00,19:14:54,Jester,班主任和课程规划小姐姐晚上还要接受我们的骚扰[奸笑]
正式学员群-数据分析,【老孟班】5.24数据分析入门试学,Francis,2018/5/28 0:00:00,19:17:02,苏 南,能不能推荐我一个可以用的VPN
正式学员群-数据分析,【老孟班】5.24数据分析入门试学,Francis,2018/5/28 0:00:00,19:17:18,搬铁少年ai,什么设备
正式学员群-数据分析,【老孟班】5.24数据分析入门试学,Francis,2018/5/28 0:00:00,19:17:26,苏 南,手机和电脑
正式学员群-数据分析,【老孟班】5.24数据分析入门试学,Francis,2018/5/28 0:00:00,19:17:38,苏 南,可以登录同一账号
正式学员群-数据分析,【老孟班】5.24数据分析入门试学,Francis,2018/5/28 0:00:00,19:18:05,Jester,同求…科学上网很重要啊…
正式学员群-数据分析,【老孟班】5.24数据分析入门试学,Francis,2018/5/28 0:00:00,19:18:08,苏 南,为什么我每次付费买的。中途都死掉了。卷钱跑路了
正式学员群-数据分析,【老孟班】5.24数据分析入门试学,Francis,2018/5/28 0:00:00,19:18:16,搬铁少年ai,kiwi
正式学员群-数据分析,【老孟班】5.24数据分析入门试学,Francis,2018/5/28 0:00:00,19:18:20,Jester,可汗学院啥的…
正式学员群-数据分析,【老孟班】5.24数据分析入门试学,Francis,2018/5/28 0:00:00,19:21:34,搬铁少年ai,我一直用的https://igfuture.net  不过官网有时候登不上
正式学员群-数据分析,【老孟班】5.24数据分析入门试学,Francis,2018/5/28 0:00:00,19:22:27,苏 南,谢谢
正式学员群-数据分析,【老孟班】5.24数据分析入门试学,Francis,2018/5/28 0:00:00,19:23:07,搬铁少年ai,这会儿好像又登不上了
正式学员群-数据分析,【老孟班】5.24数据分析入门试学,Francis,2018/5/28 0:00:00,19:23:21,苏 南,嗯
正式学员群-数据分析,【老孟班】5.24数据分析入门试学,Francis,2018/5/28 0:00:00,19:29:55,搬铁少年ai,可以登了你试试
正式学员群-数据分析,【老孟班】5.24数据分析入门试学,Francis,2018/5/28 0:00:00,19:32:03,苏 南,OK
正式学员群-数据分析,【老孟班】5.24数据分析入门试学,Francis,2018/5/28 0:00:00,19:34:37,chocolate,蓝灯不错@苏楠 北京?很稳定，同时支持移动端和电脑端
正式学员群-数据分析,【老孟班】5.24数据分析入门试学,Francis,2018/5/28 0:00:00,19:35:21,chocolate,需要的话我还有优惠码~可以额外送四个月
正式学员群-数据分析,【老孟班】5.24数据分析入门试学,Francis,2018/5/28 0:00:00,19:39:51,苏 南,好呀。 我试一下
正式学员群-数据分析,【老孟班】5.24数据分析入门试学,Francis,2018/5/28 0:00:00,19:41:37,搬铁少年ai,蓝灯确实不错
正式学员群-数据分析,【老孟班】5.24数据分析入门试学,Francis,2018/5/28 0:00:00,19:42:38,chocolate,@苏楠 北京?[奸笑]
正式学员群-数据分析,【老孟班】5.24数据分析入门试学,Francis,2018/5/28 0:00:00,19:42:50,苏 南,为啥没有搜到
正式学员群-数据分析,【老孟班】5.24数据分析入门试学,Francis,2018/5/28 0:00:00,19:43:02,chocolate,我找下链接
正式学员群-数据分析,【老孟班】5.24数据分析入门试学,Francis,2018/5/28 0:00:00,19:43:10,搬铁少年ai,搜到是不可能搜到的
正式学员群-数据分析,【老孟班】5.24数据分析入门试学,Francis,2018/5/28 0:00:00,19:43:22,搬铁少年ai,这辈子都不可能搜到的
正式学员群-数据分析,【老孟班】5.24数据分析入门试学,Francis,2018/5/28 0:00:00,19:43:30,chocolate,这个比较狠，只是在github上开源，不过安装很简单~
正式学员群-数据分析,【老孟班】5.24数据分析入门试学,Francis,2018/5/28 0:00:00,19:43:48,搬铁少年ai,好用的都有点门槛
正式学员群-数据分析,【老孟班】5.24数据分析入门试学,Francis,2018/5/28 0:00:00,19:44:10,chocolate,应用商店能搜到的现在好多基本都是坑[捂脸][捂脸]
正式学员群-数据分析,【老孟班】5.24数据分析入门试学,Francis,2018/5/28 0:00:00,19:45:58,chocolate,https://github.com/getlantern/forum#%E8%93%9D%E7%81%AFlantern%E6%9C%80%E6%96%B0%E7%89%88%E6%9C%AC%E4%B8%8B%E8%BD%BD
正式学员群-数据分析,【老孟班】5.24数据分析入门试学,Francis,2018/5/28 0:00:00,19:46:21,chocolate,复制到手机浏览器打开
正式学员群-数据分析,【老孟班】5.24数据分析入门试学,Francis,2018/5/28 0:00:00,20:39:41,Jester,[强][强]好东西啊
正式学员群-数据分析,【老孟班】5.24数据分析入门试学,Francis,2018/5/28 0:00:00,20:40:42,QT Chiu,蓝灯价格多少一年
正式学员群-数据分析,【老孟班】5.24数据分析入门试学,Francis,2018/5/28 0:00:00,20:43:32,鲍小栋Ben,pc端的
正式学员群-数据分析,【老孟班】5.24数据分析入门试学,Francis,2018/5/28 0:00:00,20:43:44,鲍小栋Ben,每个月有500M免费流量
正式学员群-数据分析,【老孟班】5.24数据分析入门试学,Francis,2018/5/28 0:00:00,20:46:26,欧剃,你们这样讨论这个，群主怕是要喝茶
正式学员群-数据分析,【老孟班】5.24数据分析入门试学,Francis,2018/5/28 0:00:00,20:47:14,Jester,我们还是隐晦一点吧，比如科学上网之类的
正式学员群-数据分析,【老孟班】5.24数据分析入门试学,Francis,2018/5/28 0:00:00,20:47:24,Allen,嗯嗯 河蟹一下
正式学员群-数据分析,【老孟班】5.24数据分析入门试学,Francis,2018/5/28 0:00:00,20:47:25,Allen,哈哈
正式学员群-数据分析,【老孟班】5.24数据分析入门试学,Francis,2018/5/28 0:00:00,20:47:54,QT Chiu,科学上网努力学习
正式学员群-数据分析,【老孟班】5.24数据分析入门试学,Francis,2018/5/28 0:00:00,20:54:16,Udacity-Celia,只有你们努力学习，我们就很欣慰了[可怜][可怜]
正式学员群-数据分析,【老孟班】5.24数据分析入门试学,Francis,2018/5/28 0:00:00,20:54:26,Udacity-Celia,加加班不算什么的～
正式学员群-数据分析,【老孟班】5.24数据分析入门试学,Francis,2018/5/28 0:00:00,20:54:31,Udacity-Celia,你们要加油噢
正式学员群-数据分析,【老孟班】5.24数据分析入门试学,Francis,2018/5/28 0:00:00,21:06:13,搬铁少年ai,开爬梯
正式学员群-数据分析,【老孟班】5.24数据分析入门试学,Francis,2018/5/28 0:00:00,21:06:18,搬铁少年ai,够不够隐晦
正式学员群-数据分析,【老孟班】5.24数据分析入门试学,Francis,2018/5/28 0:00:00,21:27:41,chocolate,哈哈~欢迎填我邀请码[奸笑]一起进步你我他[机智]
正式学员群-数据分析,【老孟班】5.24数据分析入门试学,Francis,2018/5/28 0:00:00,22:01:13,Mazzy,求助，谁可以帮我，这个run不出来
正式学员群-数据分析,【老孟班】5.24数据分析入门试学,Francis,2018/5/28 0:00:00,22:04:26,chocolate,重新run一下所有模块的代码@Mazzy 上海
正式学员群-数据分析,【老孟班】5.24数据分析入门试学,Francis,2018/5/28 0:00:00,22:05:47,Mazzy,是的，重新试过，还是跳不出，捉急
正式学员群-数据分析,【老孟班】5.24数据分析入门试学,Francis,2018/5/28 0:00:00,22:05:51,chocolate,或者就是 univariate_plot没有定义，重运行一下univariate_plot定义的模块再运行这个试下
正式学员群-数据分析,【老孟班】5.24数据分析入门试学,Francis,2018/5/28 0:00:00,22:06:06,chocolate,贴下附近的代码
正式学员群-数据分析,【老孟班】5.24数据分析入门试学,Francis,2018/5/28 0:00:00,22:06:09,Mazzy,怎么定义呀[流泪]
正式学员群-数据分析,【老孟班】5.24数据分析入门试学,Francis,2018/5/28 0:00:00,22:06:43,Mazzy,怎么贴？
正式学员群-数据分析,【老孟班】5.24数据分析入门试学,Francis,2018/5/28 0:00:00,22:07:17,chocolate,截个图~
正式学员群-数据分析,【老孟班】5.24数据分析入门试学,Francis,2018/5/28 0:00:00,22:07:49,Francis,@Mazzy 上海?前面有个def univerit_plot代码框。那里截个图看下。
正式学员群-数据分析,【老孟班】5.24数据分析入门试学,Francis,2018/5/28 0:00:00,22:08:00,QT Chiu,好像是你在这一句的前面要加一个定义框的
正式学员群-数据分析,【老孟班】5.24数据分析入门试学,Francis,2018/5/28 0:00:00,22:08:47,Mazzy,可否指出在哪里加？[糗大了]
正式学员群-数据分析,【老孟班】5.24数据分析入门试学,Francis,2018/5/28 0:00:00,22:09:11,chocolate,非法缩进?
正式学员群-数据分析,【老孟班】5.24数据分析入门试学,Francis,2018/5/28 0:00:00,22:10:05,chocolate,记得我当时这个模块也出过问题[捂脸]后来复制了我之前的答案，reset了一下工作区再粘贴自己的答案解决的[捂脸]
正式学员群-数据分析,【老孟班】5.24数据分析入门试学,Francis,2018/5/28 0:00:00,22:11:11,chocolate,对[捂脸]的确是丢了个冒号，原来是这样[捂脸]
正式学员群-数据分析,【老孟班】5.24数据分析入门试学,Francis,2018/5/28 0:00:00,22:11:29,Mazzy,ok!!!
正式学员群-数据分析,【老孟班】5.24数据分析入门试学,Francis,2018/5/28 0:00:00,22:11:34,Mazzy,[流泪][流泪][流泪]
正式学员群-数据分析,【老孟班】5.24数据分析入门试学,Francis,2018/5/28 0:00:00,22:11:49,Mazzy,缺一对眼睛
正式学员群-数据分析,【老孟班】5.24数据分析入门试学,Francis,2018/5/28 0:00:00,22:12:02,Mazzy,粗来了
正式学员群-数据分析,【老孟班】5.24数据分析入门试学,Francis,2018/5/28 0:00:00,22:13:09,Mazzy,我的项目需要修改，打过来重做了[大哭]
正式学员群-数据分析,【老孟班】5.24数据分析入门试学,Francis,2018/5/28 0:00:00,22:14:18,Udacity-Celia,没关系的啦，平均提交率都在三次左右呢
正式学员群-数据分析,【老孟班】5.24数据分析入门试学,Francis,2018/5/28 0:00:00,22:14:47,Udacity-Celia,提交一次就能发现哪里有错，然后专心攻克错误的地方啦@Mazzy 上海
正式学员群-数据分析,【老孟班】5.24数据分析入门试学,Francis,2018/5/28 0:00:00,22:15:57,Mazzy,又有问题了[糗大了]
正式学员群-数据分析,【老孟班】5.24数据分析入门试学,Francis,2018/5/28 0:00:00,22:18:56,chocolate,这里的引号不匹配
正式学员群-数据分析,【老孟班】5.24数据分析入门试学,Francis,2018/5/28 0:00:00,22:18:58,Jester,"year这里，如果没有筛选条件，就不要""year""了"
正式学员群-数据分析,【老孟班】5.24数据分析入门试学,Francis,2018/5/28 0:00:00,22:20:36,Mazzy,啊！是啊～
正式学员群-数据分析,【老孟班】5.24数据分析入门试学,Francis,2018/5/28 0:00:00,22:21:13,Jester,"filter_data()函数会把condition的字符串按照“ ”空格分割成field,op,value三部分"
正式学员群-数据分析,【老孟班】5.24数据分析入门试学,Francis,2018/5/28 0:00:00,22:21:32,Mazzy,@戴逸骅 Jester?@乔勇 广州?感谢大神指点??
正式学员群-数据分析,【老孟班】5.24数据分析入门试学,Francis,2018/5/28 0:00:00,22:22:48,Mazzy,??????
正式学员群-数据分析,【老孟班】5.24数据分析入门试学,Francis,2018/5/28 0:00:00,22:22:58,Jester,"如果没有后面两个部分,field,op,value=condition.split("" "",2)这个列表展开赋值会没有足够的值来给三个变量赋值"
正式学员群-数据分析,【老孟班】5.24数据分析入门试学,Francis,2018/5/28 0:00:00,22:24:04,搬铁少年ai,"顺着调用栈一层一层看，把中间变量都打印出来。比如这里报错，第一步就是先看看，print condition.split("" "",2)打印出来是什么，预期是什么（预期能拆成3组），实际是什么。再一层层看下去"
正式学员群-数据分析,【老孟班】5.24数据分析入门试学,Francis,2018/5/28 0:00:00,22:24:54,Mazzy,了解了??
正式学员群-数据分析,【老孟班】5.24数据分析入门试学,Francis,2018/5/28 0:00:00,22:25:14,Mazzy,谢谢各位帮忙[抱拳]
正式学员群-数据分析,【老孟班】5.24数据分析入门试学,Francis,2018/5/28 0:00:00,22:26:29,搬铁少年ai,most recent call last，从下往上看
正式学员群-数据分析,【老孟班】5.24数据分析入门试学,Francis,2018/5/28 0:00:00,22:27:35,Mazzy,整理，读取，分析
正式学员群-数据分析,【老孟班】5.24数据分析入门试学,Francis,2018/5/28 0:00:00,22:27:45,搬铁少年ai,从直接原因到根因
正式学员群-数据分析,【老孟班】5.24数据分析入门试学,Francis,2018/5/28 0:00:00,22:28:08,搬铁少年ai,没有什么bug是假打印搞不定的，如果有，就加两个打印
正式学员群-数据分析,【老孟班】5.24数据分析入门试学,Francis,2018/5/28 0:00:00,22:28:57,鲍小栋Ben,哇
正式学员群-数据分析,【老孟班】5.24数据分析入门试学,Francis,2018/5/28 0:00:00,22:29:28,鲍小栋Ben,@助教小ai?助教很棒哈这个图很有启发哈
正式学员群-数据分析,【老孟班】5.24数据分析入门试学,Francis,2018/5/28 0:00:00,22:31:03,搬铁少年ai,您过奖了
正式学员群-数据分析,【老孟班】5.24数据分析入门试学,Francis,2018/5/28 0:00:00,22:33:11,Mazzy,我这里少一组数据表，我怎么添加呢？
正式学员群-数据分析,【老孟班】5.24数据分析入门试学,Francis,2018/5/28 0:00:00,22:35:44,Mazzy,只是追了第一个问题的数据表，第二个几个城市的对比，还没有数据分析出
正式学员群-数据分析,【老孟班】5.24数据分析入门试学,Francis,2018/5/28 0:00:00,22:41:17,Francis,第二个城市就再调用一下这个函数。
正式学员群-数据分析,【老孟班】5.24数据分析入门试学,Francis,2018/5/28 0:00:00,22:42:46,Francis,把需要的代码框都放在问题前面。
正式学员群-数据分析,【老孟班】5.24数据分析入门试学,Francis,2018/5/28 0:00:00,22:47:14,Mazzy,是不是 city 出了问题？
正式学员群-数据分析,【老孟班】5.24数据分析入门试学,Francis,2018/5/28 0:00:00,22:48:10,Allen,你查看一下你对df_compare定义的那个代码框，是不是没有运行？@Mazzy 上海
正式学员群-数据分析,【老孟班】5.24数据分析入门试学,Francis,2018/5/28 0:00:00,22:48:23,搬铁少年ai,你定位的思路是啥？
正式学员群-数据分析,【老孟班】5.24数据分析入门试学,Francis,2018/5/28 0:00:00,22:48:37,Allen,这里提示的错误是 df_compare没有定义
正式学员群-数据分析,【老孟班】5.24数据分析入门试学,Francis,2018/5/28 0:00:00,22:48:38,Francis,第二行是df_compare 和第一行筛选出的数据不一样啊。要统一。
正式学员群-数据分析,【老孟班】5.24数据分析入门试学,Francis,2018/5/28 0:00:00,22:48:40,Mazzy,哪个城市，
正式学员群-数据分析,【老孟班】5.24数据分析入门试学,Francis,2018/5/28 0:00:00,22:49:13,Mazzy,哪个城市，pm2.5含量最低？
正式学员群-数据分析,【老孟班】5.24数据分析入门试学,Francis,2018/5/28 0:00:00,22:50:07,Mazzy,@助教-老孟?如何统一？
正式学员群-数据分析,【老孟班】5.24数据分析入门试学,Francis,2018/5/28 0:00:00,22:50:36,Mazzy,噢噢！[强][强][强]
正式学员群-数据分析,【老孟班】5.24数据分析入门试学,Francis,2018/5/28 0:00:00,22:50:43,Francis,第一行是筛选出数据。第二行是对这个数据画图。
正式学员群-数据分析,【老孟班】5.24数据分析入门试学,Francis,2018/5/28 0:00:00,22:51:07,Francis,不一样图就不知道用什么数据画了[捂脸]
正式学员群-数据分析,【老孟班】5.24数据分析入门试学,Francis,2018/5/28 0:00:00,22:52:46,Mazzy,洞察到一个问题，数据的逻辑分析是从一而终贯穿的，而我在做项目时会主观判断导致工具无从判断??
正式学员群-数据分析,【老孟班】5.24数据分析入门试学,Francis,2018/5/28 0:00:00,23:05:59,Francis,@Mazzy 上海?虽然你说的很深奥，我还是要点赞??项目改好了没？
正式学员群-数据分析,【老孟班】5.24数据分析入门试学,Francis,2018/5/28 0:00:00,23:07:57,Francis,@助教小ai?[坏笑]
正式学员群-数据分析,【老孟班】5.24数据分析入门试学,Francis,2018/5/28 0:00:00,23:11:25,Francis,@所有人 还没过项目的同学们，大家加油了，有问题不要害羞，截图贴到群里来，大家一起分析[阴险]非常感谢帮助解答问题的同学们。@所有人，你们都是最棒的，加油加油??
正式学员群-数据分析,【老孟班】5.24数据分析入门试学,Francis,2018/5/28 0:00:00,23:59:58,Mazzy,卡，还在传
